layer,scenario,operation,rows,variant,session,iteration,elapsedMs,rowCount,formulaCount,checksum,inputChecksum,visibleRows,visibleFormulaCells,domReadyMs,stableFrameMs,diagnosticCategory,diagnosticText,revision,verified
chain,arithmetic,initial,100,legacy,0,0,8.199999988079071,100,3,fnv1a32:e2e99123,,,,,,,,1,true
chain,arithmetic,read,100,legacy,0,0,1.5999999940395355,100,3,fnv1a32:e2e99123,,,,,,,,1,true
chain,arithmetic,read,100,legacy,0,1,1.5999999940395355,100,3,fnv1a32:e2e99123,,,,,,,,1,true
chain,arithmetic,read,100,legacy,0,2,1.4000000059604645,100,3,fnv1a32:e2e99123,,,,,,,,1,true
chain,arithmetic,read,100,legacy,0,3,1.5,100,3,fnv1a32:e2e99123,,,,,,,,1,true
chain,arithmetic,read,100,legacy,0,4,1.4000000059604645,100,3,fnv1a32:e2e99123,,,,,,,,1,true
chain,arithmetic,edit-cell,100,legacy,0,0,1.5999999940395355,100,3,fnv1a32:c9d8c469,,,,,,,,4,true
chain,arithmetic,edit-cell,100,legacy,0,1,1.5,100,3,fnv1a32:e15e6c4b,,,,,,,,5,true
chain,arithmetic,edit-cell,100,legacy,0,2,1.4000000059604645,100,3,fnv1a32:84219ab9,,,,,,,,6,true
chain,arithmetic,edit-cell,100,legacy,0,3,1.4000000059604645,100,3,fnv1a32:282b17c1,,,,,,,,7,true
chain,arithmetic,edit-cell,100,legacy,0,4,1.5,100,3,fnv1a32:42a73347,,,,,,,,8,true
chain,arithmetic,edit-all,100,legacy,0,0,4.600000023841858,100,3,fnv1a32:fe418c05,,,,,,,,11,true
chain,arithmetic,edit-all,100,legacy,0,1,4.0999999940395355,100,3,fnv1a32:4fa755bb,,,,,,,,12,true
chain,arithmetic,edit-all,100,legacy,0,2,5.5,100,3,fnv1a32:fc005451,,,,,,,,13,true
chain,arithmetic,edit-all,100,legacy,0,3,4.5999999940395355,100,3,fnv1a32:2e4ac22f,,,,,,,,14,true
chain,arithmetic,edit-all,100,legacy,0,4,3.899999976158142,100,3,fnv1a32:32315ab3,,,,,,,,15,true
chain,arithmetic,edit-formula,100,legacy,0,0,3.5999999940395355,100,3,fnv1a32:fe181eb3,,,,,,,,18,true
chain,arithmetic,edit-formula,100,legacy,0,1,3.5,100,3,fnv1a32:f2da4d0d,,,,,,,,19,true
chain,arithmetic,edit-formula,100,legacy,0,2,4.699999988079071,100,3,fnv1a32:437dbd3b,,,,,,,,20,true
chain,arithmetic,edit-formula,100,legacy,0,3,3.5,100,3,fnv1a32:39596f3f,,,,,,,,21,true
chain,arithmetic,edit-formula,100,legacy,0,4,3.9000000059604645,100,3,fnv1a32:9ff07b6d,,,,,,,,22,true
chain,arithmetic,initial,100,native,0,0,36.19999998807907,100,3,fnv1a32:e2e99123,,,,,,,,2,true
chain,arithmetic,read,100,native,0,0,0.09999999403953552,100,3,fnv1a32:e2e99123,,,,,,,,2,true
chain,arithmetic,read,100,native,0,1,0.09999999403953552,100,3,fnv1a32:e2e99123,,,,,,,,2,true
chain,arithmetic,read,100,native,0,2,0.09999999403953552,100,3,fnv1a32:e2e99123,,,,,,,,2,true
chain,arithmetic,read,100,native,0,3,0.19999998807907104,100,3,fnv1a32:e2e99123,,,,,,,,2,true
chain,arithmetic,read,100,native,0,4,0.19999998807907104,100,3,fnv1a32:e2e99123,,,,,,,,2,true
chain,arithmetic,edit-cell,100,native,0,0,1.4000000059604645,100,3,fnv1a32:c9d8c469,,,,,,,,5,true
chain,arithmetic,edit-cell,100,native,0,1,0.9000000059604645,100,3,fnv1a32:e15e6c4b,,,,,,,,6,true
chain,arithmetic,edit-cell,100,native,0,2,0.8999999761581421,100,3,fnv1a32:84219ab9,,,,,,,,7,true
chain,arithmetic,edit-cell,100,native,0,3,0.800000011920929,100,3,fnv1a32:282b17c1,,,,,,,,8,true
chain,arithmetic,edit-cell,100,native,0,4,0.9000000059604645,100,3,fnv1a32:42a73347,,,,,,,,9,true
chain,arithmetic,edit-all,100,native,0,0,1.5,100,3,fnv1a32:fe418c05,,,,,,,,309,true
chain,arithmetic,edit-all,100,native,0,1,1.699999988079071,100,3,fnv1a32:4fa755bb,,,,,,,,409,true
chain,arithmetic,edit-all,100,native,0,2,1.5999999940395355,100,3,fnv1a32:fc005451,,,,,,,,509,true
chain,arithmetic,edit-all,100,native,0,3,1.9000000059604645,100,3,fnv1a32:2e4ac22f,,,,,,,,609,true
chain,arithmetic,edit-all,100,native,0,4,1.100000023841858,100,3,fnv1a32:32315ab3,,,,,,,,709,true
chain,arithmetic,edit-formula,100,native,0,0,1.5,100,3,fnv1a32:fe181eb3,,,,,,,,712,true
chain,arithmetic,edit-formula,100,native,0,1,1.4000000059604645,100,3,fnv1a32:f2da4d0d,,,,,,,,713,true
chain,arithmetic,edit-formula,100,native,0,2,1.4000000059604645,100,3,fnv1a32:437dbd3b,,,,,,,,714,true
chain,arithmetic,edit-formula,100,native,0,3,1.699999988079071,100,3,fnv1a32:39596f3f,,,,,,,,715,true
chain,arithmetic,edit-formula,100,native,0,4,1.9000000059604645,100,3,fnv1a32:9ff07b6d,,,,,,,,716,true
chain,arithmetic,initial,100,native,1,0,34.599999994039536,100,3,fnv1a32:e2e99123,,,,,,,,2,true
chain,arithmetic,read,100,native,1,0,0.09999999403953552,100,3,fnv1a32:e2e99123,,,,,,,,2,true
chain,arithmetic,read,100,native,1,1,0.09999999403953552,100,3,fnv1a32:e2e99123,,,,,,,,2,true
chain,arithmetic,read,100,native,1,2,0.19999998807907104,100,3,fnv1a32:e2e99123,,,,,,,,2,true
chain,arithmetic,read,100,native,1,3,0.20000001788139343,100,3,fnv1a32:e2e99123,,,,,,,,2,true
chain,arithmetic,read,100,native,1,4,0.20000001788139343,100,3,fnv1a32:e2e99123,,,,,,,,2,true
chain,arithmetic,edit-cell,100,native,1,0,1.5,100,3,fnv1a32:c9d8c469,,,,,,,,5,true
chain,arithmetic,edit-cell,100,native,1,1,1,100,3,fnv1a32:e15e6c4b,,,,,,,,6,true
chain,arithmetic,edit-cell,100,native,1,2,0.8999999761581421,100,3,fnv1a32:84219ab9,,,,,,,,7,true
chain,arithmetic,edit-cell,100,native,1,3,0.9000000059604645,100,3,fnv1a32:282b17c1,,,,,,,,8,true
chain,arithmetic,edit-cell,100,native,1,4,0.9000000059604645,100,3,fnv1a32:42a73347,,,,,,,,9,true
chain,arithmetic,edit-all,100,native,1,0,2.0999999940395355,100,3,fnv1a32:fe418c05,,,,,,,,309,true
chain,arithmetic,edit-all,100,native,1,1,1.5,100,3,fnv1a32:4fa755bb,,,,,,,,409,true
chain,arithmetic,edit-all,100,native,1,2,1.7999999821186066,100,3,fnv1a32:fc005451,,,,,,,,509,true
chain,arithmetic,edit-all,100,native,1,3,2.0999999940395355,100,3,fnv1a32:2e4ac22f,,,,,,,,609,true
chain,arithmetic,edit-all,100,native,1,4,1.4000000059604645,100,3,fnv1a32:32315ab3,,,,,,,,709,true
chain,arithmetic,edit-formula,100,native,1,0,1.4000000059604645,100,3,fnv1a32:fe181eb3,,,,,,,,712,true
chain,arithmetic,edit-formula,100,native,1,1,1.300000011920929,100,3,fnv1a32:f2da4d0d,,,,,,,,713,true
chain,arithmetic,edit-formula,100,native,1,2,1.7999999821186066,100,3,fnv1a32:437dbd3b,,,,,,,,714,true
chain,arithmetic,edit-formula,100,native,1,3,1.2999999821186066,100,3,fnv1a32:39596f3f,,,,,,,,715,true
chain,arithmetic,edit-formula,100,native,1,4,1.2000000178813934,100,3,fnv1a32:9ff07b6d,,,,,,,,716,true
chain,arithmetic,initial,100,legacy,1,0,9.399999976158142,100,3,fnv1a32:e2e99123,,,,,,,,1,true
chain,arithmetic,read,100,legacy,1,0,1.5999999940395355,100,3,fnv1a32:e2e99123,,,,,,,,1,true
chain,arithmetic,read,100,legacy,1,1,1.4000000059604645,100,3,fnv1a32:e2e99123,,,,,,,,1,true
chain,arithmetic,read,100,legacy,1,2,1.4000000059604645,100,3,fnv1a32:e2e99123,,,,,,,,1,true
chain,arithmetic,read,100,legacy,1,3,1.5,100,3,fnv1a32:e2e99123,,,,,,,,1,true
chain,arithmetic,read,100,legacy,1,4,1.5,100,3,fnv1a32:e2e99123,,,,,,,,1,true
chain,arithmetic,edit-cell,100,legacy,1,0,1.600000023841858,100,3,fnv1a32:c9d8c469,,,,,,,,4,true
chain,arithmetic,edit-cell,100,legacy,1,1,1.5,100,3,fnv1a32:e15e6c4b,,,,,,,,5,true
chain,arithmetic,edit-cell,100,legacy,1,2,1.5999999940395355,100,3,fnv1a32:84219ab9,,,,,,,,6,true
chain,arithmetic,edit-cell,100,legacy,1,3,1.399999976158142,100,3,fnv1a32:282b17c1,,,,,,,,7,true
chain,arithmetic,edit-cell,100,legacy,1,4,1.4000000059604645,100,3,fnv1a32:42a73347,,,,,,,,8,true
chain,arithmetic,edit-all,100,legacy,1,0,4.5999999940395355,100,3,fnv1a32:fe418c05,,,,,,,,11,true
chain,arithmetic,edit-all,100,legacy,1,1,4.4000000059604645,100,3,fnv1a32:4fa755bb,,,,,,,,12,true
chain,arithmetic,edit-all,100,legacy,1,2,5.0999999940395355,100,3,fnv1a32:fc005451,,,,,,,,13,true
chain,arithmetic,edit-all,100,legacy,1,3,5,100,3,fnv1a32:2e4ac22f,,,,,,,,14,true
chain,arithmetic,edit-all,100,legacy,1,4,3.5999999940395355,100,3,fnv1a32:32315ab3,,,,,,,,15,true
chain,arithmetic,edit-formula,100,legacy,1,0,3.4000000059604645,100,3,fnv1a32:fe181eb3,,,,,,,,18,true
chain,arithmetic,edit-formula,100,legacy,1,1,4,100,3,fnv1a32:f2da4d0d,,,,,,,,19,true
chain,arithmetic,edit-formula,100,legacy,1,2,4.5999999940395355,100,3,fnv1a32:437dbd3b,,,,,,,,20,true
chain,arithmetic,edit-formula,100,legacy,1,3,3.2999999821186066,100,3,fnv1a32:39596f3f,,,,,,,,21,true
chain,arithmetic,edit-formula,100,legacy,1,4,4,100,3,fnv1a32:9ff07b6d,,,,,,,,22,true
chain,arithmetic,initial,100,legacy,2,0,8.799999982118607,100,3,fnv1a32:e2e99123,,,,,,,,1,true
chain,arithmetic,read,100,legacy,2,0,2.199999988079071,100,3,fnv1a32:e2e99123,,,,,,,,1,true
chain,arithmetic,read,100,legacy,2,1,2.199999988079071,100,3,fnv1a32:e2e99123,,,,,,,,1,true
chain,arithmetic,read,100,legacy,2,2,2,100,3,fnv1a32:e2e99123,,,,,,,,1,true
chain,arithmetic,read,100,legacy,2,3,1.5,100,3,fnv1a32:e2e99123,,,,,,,,1,true
chain,arithmetic,read,100,legacy,2,4,1.5,100,3,fnv1a32:e2e99123,,,,,,,,1,true
chain,arithmetic,edit-cell,100,legacy,2,0,1.7000000178813934,100,3,fnv1a32:c9d8c469,,,,,,,,4,true
chain,arithmetic,edit-cell,100,legacy,2,1,1.5,100,3,fnv1a32:e15e6c4b,,,,,,,,5,true
chain,arithmetic,edit-cell,100,legacy,2,2,1.5,100,3,fnv1a32:84219ab9,,,,,,,,6,true
chain,arithmetic,edit-cell,100,legacy,2,3,1.5,100,3,fnv1a32:282b17c1,,,,,,,,7,true
chain,arithmetic,edit-cell,100,legacy,2,4,1.399999976158142,100,3,fnv1a32:42a73347,,,,,,,,8,true
chain,arithmetic,edit-all,100,legacy,2,0,4.799999982118607,100,3,fnv1a32:fe418c05,,,,,,,,11,true
chain,arithmetic,edit-all,100,legacy,2,1,4.4000000059604645,100,3,fnv1a32:4fa755bb,,,,,,,,12,true
chain,arithmetic,edit-all,100,legacy,2,2,5.300000011920929,100,3,fnv1a32:fc005451,,,,,,,,13,true
chain,arithmetic,edit-all,100,legacy,2,3,4.5,100,3,fnv1a32:2e4ac22f,,,,,,,,14,true
chain,arithmetic,edit-all,100,legacy,2,4,3.9000000059604645,100,3,fnv1a32:32315ab3,,,,,,,,15,true
chain,arithmetic,edit-formula,100,legacy,2,0,3.5999999940395355,100,3,fnv1a32:fe181eb3,,,,,,,,18,true
chain,arithmetic,edit-formula,100,legacy,2,1,4.300000011920929,100,3,fnv1a32:f2da4d0d,,,,,,,,19,true
chain,arithmetic,edit-formula,100,legacy,2,2,5,100,3,fnv1a32:437dbd3b,,,,,,,,20,true
chain,arithmetic,edit-formula,100,legacy,2,3,3.5999999940395355,100,3,fnv1a32:39596f3f,,,,,,,,21,true
chain,arithmetic,edit-formula,100,legacy,2,4,4.0999999940395355,100,3,fnv1a32:9ff07b6d,,,,,,,,22,true
chain,arithmetic,initial,100,native,2,0,38.70000001788139,100,3,fnv1a32:e2e99123,,,,,,,,2,true
chain,arithmetic,read,100,native,2,0,0.09999999403953552,100,3,fnv1a32:e2e99123,,,,,,,,2,true
chain,arithmetic,read,100,native,2,1,0.10000002384185791,100,3,fnv1a32:e2e99123,,,,,,,,2,true
chain,arithmetic,read,100,native,2,2,0.20000001788139343,100,3,fnv1a32:e2e99123,,,,,,,,2,true
chain,arithmetic,read,100,native,2,3,0.20000001788139343,100,3,fnv1a32:e2e99123,,,,,,,,2,true
chain,arithmetic,read,100,native,2,4,0.09999999403953552,100,3,fnv1a32:e2e99123,,,,,,,,2,true
chain,arithmetic,edit-cell,100,native,2,0,1.800000011920929,100,3,fnv1a32:c9d8c469,,,,,,,,5,true
chain,arithmetic,edit-cell,100,native,2,1,1.2999999821186066,100,3,fnv1a32:e15e6c4b,,,,,,,,6,true
chain,arithmetic,edit-cell,100,native,2,2,1.4000000059604645,100,3,fnv1a32:84219ab9,,,,,,,,7,true
chain,arithmetic,edit-cell,100,native,2,3,1.0999999940395355,100,3,fnv1a32:282b17c1,,,,,,,,8,true
chain,arithmetic,edit-cell,100,native,2,4,0.9000000059604645,100,3,fnv1a32:42a73347,,,,,,,,9,true
chain,arithmetic,edit-all,100,native,2,0,2.0999999940395355,100,3,fnv1a32:fe418c05,,,,,,,,309,true
chain,arithmetic,edit-all,100,native,2,1,1.5999999940395355,100,3,fnv1a32:4fa755bb,,,,,,,,409,true
chain,arithmetic,edit-all,100,native,2,2,1.800000011920929,100,3,fnv1a32:fc005451,,,,,,,,509,true
chain,arithmetic,edit-all,100,native,2,3,2,100,3,fnv1a32:2e4ac22f,,,,,,,,609,true
chain,arithmetic,edit-all,100,native,2,4,1.4000000059604645,100,3,fnv1a32:32315ab3,,,,,,,,709,true
chain,arithmetic,edit-formula,100,native,2,0,1.4000000059604645,100,3,fnv1a32:fe181eb3,,,,,,,,712,true
chain,arithmetic,edit-formula,100,native,2,1,1.4000000059604645,100,3,fnv1a32:f2da4d0d,,,,,,,,713,true
chain,arithmetic,edit-formula,100,native,2,2,1.4000000059604645,100,3,fnv1a32:437dbd3b,,,,,,,,714,true
chain,arithmetic,edit-formula,100,native,2,3,1.800000011920929,100,3,fnv1a32:39596f3f,,,,,,,,715,true
chain,arithmetic,edit-formula,100,native,2,4,1.5999999940395355,100,3,fnv1a32:9ff07b6d,,,,,,,,716,true
chain,arithmetic,initial,100,native,3,0,34.60000002384186,100,3,fnv1a32:e2e99123,,,,,,,,2,true
chain,arithmetic,read,100,native,3,0,0.09999999403953552,100,3,fnv1a32:e2e99123,,,,,,,,2,true
chain,arithmetic,read,100,native,3,1,0.09999999403953552,100,3,fnv1a32:e2e99123,,,,,,,,2,true
chain,arithmetic,read,100,native,3,2,0.10000002384185791,100,3,fnv1a32:e2e99123,,,,,,,,2,true
chain,arithmetic,read,100,native,3,3,0.20000001788139343,100,3,fnv1a32:e2e99123,,,,,,,,2,true
chain,arithmetic,read,100,native,3,4,0.20000001788139343,100,3,fnv1a32:e2e99123,,,,,,,,2,true
chain,arithmetic,edit-cell,100,native,3,0,1.4000000059604645,100,3,fnv1a32:c9d8c469,,,,,,,,5,true
chain,arithmetic,edit-cell,100,native,3,1,1,100,3,fnv1a32:e15e6c4b,,,,,,,,6,true
chain,arithmetic,edit-cell,100,native,3,2,0.9000000059604645,100,3,fnv1a32:84219ab9,,,,,,,,7,true
chain,arithmetic,edit-cell,100,native,3,3,1.0999999940395355,100,3,fnv1a32:282b17c1,,,,,,,,8,true
chain,arithmetic,edit-cell,100,native,3,4,0.9000000059604645,100,3,fnv1a32:42a73347,,,,,,,,9,true
chain,arithmetic,edit-all,100,native,3,0,1.7000000178813934,100,3,fnv1a32:fe418c05,,,,,,,,309,true
chain,arithmetic,edit-all,100,native,3,1,1.9000000059604645,100,3,fnv1a32:4fa755bb,,,,,,,,409,true
chain,arithmetic,edit-all,100,native,3,2,2.5999999940395355,100,3,fnv1a32:fc005451,,,,,,,,509,true
chain,arithmetic,edit-all,100,native,3,3,2.2000000178813934,100,3,fnv1a32:2e4ac22f,,,,,,,,609,true
chain,arithmetic,edit-all,100,native,3,4,1.4000000059604645,100,3,fnv1a32:32315ab3,,,,,,,,709,true
chain,arithmetic,edit-formula,100,native,3,0,1.5,100,3,fnv1a32:fe181eb3,,,,,,,,712,true
chain,arithmetic,edit-formula,100,native,3,1,1.399999976158142,100,3,fnv1a32:f2da4d0d,,,,,,,,713,true
chain,arithmetic,edit-formula,100,native,3,2,1.300000011920929,100,3,fnv1a32:437dbd3b,,,,,,,,714,true
chain,arithmetic,edit-formula,100,native,3,3,1.699999988079071,100,3,fnv1a32:39596f3f,,,,,,,,715,true
chain,arithmetic,edit-formula,100,native,3,4,1.2999999821186066,100,3,fnv1a32:9ff07b6d,,,,,,,,716,true
chain,arithmetic,initial,100,legacy,3,0,8.699999988079071,100,3,fnv1a32:e2e99123,,,,,,,,1,true
chain,arithmetic,read,100,legacy,3,0,1.7999999821186066,100,3,fnv1a32:e2e99123,,,,,,,,1,true
chain,arithmetic,read,100,legacy,3,1,1.699999988079071,100,3,fnv1a32:e2e99123,,,,,,,,1,true
chain,arithmetic,read,100,legacy,3,2,1.4000000059604645,100,3,fnv1a32:e2e99123,,,,,,,,1,true
chain,arithmetic,read,100,legacy,3,3,1.5,100,3,fnv1a32:e2e99123,,,,,,,,1,true
chain,arithmetic,read,100,legacy,3,4,1.5,100,3,fnv1a32:e2e99123,,,,,,,,1,true
chain,arithmetic,edit-cell,100,legacy,3,0,1.7000000178813934,100,3,fnv1a32:c9d8c469,,,,,,,,4,true
chain,arithmetic,edit-cell,100,legacy,3,1,1.4000000059604645,100,3,fnv1a32:e15e6c4b,,,,,,,,5,true
chain,arithmetic,edit-cell,100,legacy,3,2,1.5999999940395355,100,3,fnv1a32:84219ab9,,,,,,,,6,true
chain,arithmetic,edit-cell,100,legacy,3,3,1.5,100,3,fnv1a32:282b17c1,,,,,,,,7,true
chain,arithmetic,edit-cell,100,legacy,3,4,1.5,100,3,fnv1a32:42a73347,,,,,,,,8,true
chain,arithmetic,edit-all,100,legacy,3,0,4.699999988079071,100,3,fnv1a32:fe418c05,,,,,,,,11,true
chain,arithmetic,edit-all,100,legacy,3,1,4.5,100,3,fnv1a32:4fa755bb,,,,,,,,12,true
chain,arithmetic,edit-all,100,legacy,3,2,5.199999988079071,100,3,fnv1a32:fc005451,,,,,,,,13,true
chain,arithmetic,edit-all,100,legacy,3,3,4.299999982118607,100,3,fnv1a32:2e4ac22f,,,,,,,,14,true
chain,arithmetic,edit-all,100,legacy,3,4,3.9000000059604645,100,3,fnv1a32:32315ab3,,,,,,,,15,true
chain,arithmetic,edit-formula,100,legacy,3,0,3.9000000059604645,100,3,fnv1a32:fe181eb3,,,,,,,,18,true
chain,arithmetic,edit-formula,100,legacy,3,1,3.800000011920929,100,3,fnv1a32:f2da4d0d,,,,,,,,19,true
chain,arithmetic,edit-formula,100,legacy,3,2,4.800000011920929,100,3,fnv1a32:437dbd3b,,,,,,,,20,true
chain,arithmetic,edit-formula,100,legacy,3,3,3.5,100,3,fnv1a32:39596f3f,,,,,,,,21,true
chain,arithmetic,edit-formula,100,legacy,3,4,4,100,3,fnv1a32:9ff07b6d,,,,,,,,22,true
chain,arithmetic,initial,100,legacy,4,0,9.199999988079071,100,3,fnv1a32:e2e99123,,,,,,,,1,true
chain,arithmetic,read,100,legacy,4,0,1.5999999940395355,100,3,fnv1a32:e2e99123,,,,,,,,1,true
chain,arithmetic,read,100,legacy,4,1,1.5,100,3,fnv1a32:e2e99123,,,,,,,,1,true
chain,arithmetic,read,100,legacy,4,2,1.5,100,3,fnv1a32:e2e99123,,,,,,,,1,true
chain,arithmetic,read,100,legacy,4,3,1.5,100,3,fnv1a32:e2e99123,,,,,,,,1,true
chain,arithmetic,read,100,legacy,4,4,1.4000000059604645,100,3,fnv1a32:e2e99123,,,,,,,,1,true
chain,arithmetic,edit-cell,100,legacy,4,0,1.5,100,3,fnv1a32:c9d8c469,,,,,,,,4,true
chain,arithmetic,edit-cell,100,legacy,4,1,1.4000000059604645,100,3,fnv1a32:e15e6c4b,,,,,,,,5,true
chain,arithmetic,edit-cell,100,legacy,4,2,1.5,100,3,fnv1a32:84219ab9,,,,,,,,6,true
chain,arithmetic,edit-cell,100,legacy,4,3,1.5,100,3,fnv1a32:282b17c1,,,,,,,,7,true
chain,arithmetic,edit-cell,100,legacy,4,4,1.5,100,3,fnv1a32:42a73347,,,,,,,,8,true
chain,arithmetic,edit-all,100,legacy,4,0,4.5999999940395355,100,3,fnv1a32:fe418c05,,,,,,,,11,true
chain,arithmetic,edit-all,100,legacy,4,1,4.300000011920929,100,3,fnv1a32:4fa755bb,,,,,,,,12,true
chain,arithmetic,edit-all,100,legacy,4,2,5.300000011920929,100,3,fnv1a32:fc005451,,,,,,,,13,true
chain,arithmetic,edit-all,100,legacy,4,3,5.600000023841858,100,3,fnv1a32:2e4ac22f,,,,,,,,14,true
chain,arithmetic,edit-all,100,legacy,4,4,3.800000011920929,100,3,fnv1a32:32315ab3,,,,,,,,15,true
chain,arithmetic,edit-formula,100,legacy,4,0,3.5999999940395355,100,3,fnv1a32:fe181eb3,,,,,,,,18,true
chain,arithmetic,edit-formula,100,legacy,4,1,3.699999988079071,100,3,fnv1a32:f2da4d0d,,,,,,,,19,true
chain,arithmetic,edit-formula,100,legacy,4,2,4.5999999940395355,100,3,fnv1a32:437dbd3b,,,,,,,,20,true
chain,arithmetic,edit-formula,100,legacy,4,3,3.5,100,3,fnv1a32:39596f3f,,,,,,,,21,true
chain,arithmetic,edit-formula,100,legacy,4,4,4,100,3,fnv1a32:9ff07b6d,,,,,,,,22,true
chain,arithmetic,initial,100,native,4,0,35.29999998211861,100,3,fnv1a32:e2e99123,,,,,,,,2,true
chain,arithmetic,read,100,native,4,0,0.09999999403953552,100,3,fnv1a32:e2e99123,,,,,,,,2,true
chain,arithmetic,read,100,native,4,1,0.09999999403953552,100,3,fnv1a32:e2e99123,,,,,,,,2,true
chain,arithmetic,read,100,native,4,2,0.09999999403953552,100,3,fnv1a32:e2e99123,,,,,,,,2,true
chain,arithmetic,read,100,native,4,3,0.09999999403953552,100,3,fnv1a32:e2e99123,,,,,,,,2,true
chain,arithmetic,read,100,native,4,4,0.09999999403953552,100,3,fnv1a32:e2e99123,,,,,,,,2,true
chain,arithmetic,edit-cell,100,native,4,0,1.699999988079071,100,3,fnv1a32:c9d8c469,,,,,,,,5,true
chain,arithmetic,edit-cell,100,native,4,1,1,100,3,fnv1a32:e15e6c4b,,,,,,,,6,true
chain,arithmetic,edit-cell,100,native,4,2,0.8999999761581421,100,3,fnv1a32:84219ab9,,,,,,,,7,true
chain,arithmetic,edit-cell,100,native,4,3,0.7999999821186066,100,3,fnv1a32:282b17c1,,,,,,,,8,true
chain,arithmetic,edit-cell,100,native,4,4,0.800000011920929,100,3,fnv1a32:42a73347,,,,,,,,9,true
chain,arithmetic,edit-all,100,native,4,0,2.0999999940395355,100,3,fnv1a32:fe418c05,,,,,,,,309,true
chain,arithmetic,edit-all,100,native,4,1,1.5,100,3,fnv1a32:4fa755bb,,,,,,,,409,true
chain,arithmetic,edit-all,100,native,4,2,2,100,3,fnv1a32:fc005451,,,,,,,,509,true
chain,arithmetic,edit-all,100,native,4,3,2.0999999940395355,100,3,fnv1a32:2e4ac22f,,,,,,,,609,true
chain,arithmetic,edit-all,100,native,4,4,1.2000000178813934,100,3,fnv1a32:32315ab3,,,,,,,,709,true
chain,arithmetic,edit-formula,100,native,4,0,1.2999999821186066,100,3,fnv1a32:fe181eb3,,,,,,,,712,true
chain,arithmetic,edit-formula,100,native,4,1,1.199999988079071,100,3,fnv1a32:f2da4d0d,,,,,,,,713,true
chain,arithmetic,edit-formula,100,native,4,2,1.2999999821186066,100,3,fnv1a32:437dbd3b,,,,,,,,714,true
chain,arithmetic,edit-formula,100,native,4,3,1.4000000059604645,100,3,fnv1a32:39596f3f,,,,,,,,715,true
chain,arithmetic,edit-formula,100,native,4,4,1.0999999940395355,100,3,fnv1a32:9ff07b6d,,,,,,,,716,true
chain,arithmetic,initial,1000,native,0,0,47.599999994039536,1000,3,fnv1a32:eb872d43,,,,,,,,2,true
chain,arithmetic,read,1000,native,0,0,1.199999988079071,1000,3,fnv1a32:eb872d43,,,,,,,,2,true
chain,arithmetic,read,1000,native,0,1,0.699999988079071,1000,3,fnv1a32:eb872d43,,,,,,,,2,true
chain,arithmetic,read,1000,native,0,2,0.800000011920929,1000,3,fnv1a32:eb872d43,,,,,,,,2,true
chain,arithmetic,read,1000,native,0,3,0.5,1000,3,fnv1a32:eb872d43,,,,,,,,2,true
chain,arithmetic,read,1000,native,0,4,0.5999999940395355,1000,3,fnv1a32:eb872d43,,,,,,,,2,true
chain,arithmetic,edit-cell,1000,native,0,0,6.199999988079071,1000,3,fnv1a32:e6632d71,,,,,,,,5,true
chain,arithmetic,edit-cell,1000,native,0,1,6,1000,3,fnv1a32:ef078c8b,,,,,,,,6,true
chain,arithmetic,edit-cell,1000,native,0,2,6.700000017881393,1000,3,fnv1a32:ad911601,,,,,,,,7,true
chain,arithmetic,edit-cell,1000,native,0,3,6.800000011920929,1000,3,fnv1a32:ccb040c9,,,,,,,,8,true
chain,arithmetic,edit-cell,1000,native,0,4,6.5999999940395355,1000,3,fnv1a32:55064087,,,,,,,,9,true
chain,arithmetic,edit-all,1000,native,0,0,9.699999988079071,1000,3,fnv1a32:169807c9,,,,,,,,3009,true
chain,arithmetic,edit-all,1000,native,0,1,9.099999994039536,1000,3,fnv1a32:97a22649,,,,,,,,4009,true
chain,arithmetic,edit-all,1000,native,0,2,8.599999994039536,1000,3,fnv1a32:0673d4d9,,,,,,,,5009,true
chain,arithmetic,edit-all,1000,native,0,3,9.199999988079071,1000,3,fnv1a32:1e779f59,,,,,,,,6009,true
chain,arithmetic,edit-all,1000,native,0,4,8.399999976158142,1000,3,fnv1a32:c4ed72e1,,,,,,,,7009,true
chain,arithmetic,edit-formula,1000,native,0,0,5.200000017881393,1000,3,fnv1a32:ff4a1f0f,,,,,,,,7012,true
chain,arithmetic,edit-formula,1000,native,0,1,5.5,1000,3,fnv1a32:0196344f,,,,,,,,7013,true
chain,arithmetic,edit-formula,1000,native,0,2,5.5,1000,3,fnv1a32:6863a805,,,,,,,,7014,true
chain,arithmetic,edit-formula,1000,native,0,3,7.300000011920929,1000,3,fnv1a32:e8bda07b,,,,,,,,7015,true
chain,arithmetic,edit-formula,1000,native,0,4,6.9000000059604645,1000,3,fnv1a32:a0da4495,,,,,,,,7016,true
chain,arithmetic,initial,1000,legacy,0,0,55.099999994039536,1000,3,fnv1a32:eb872d43,,,,,,,,1,true
chain,arithmetic,read,1000,legacy,0,0,37.69999998807907,1000,3,fnv1a32:eb872d43,,,,,,,,1,true
chain,arithmetic,read,1000,legacy,0,1,35.19999998807907,1000,3,fnv1a32:eb872d43,,,,,,,,1,true
chain,arithmetic,read,1000,legacy,0,2,40.30000001192093,1000,3,fnv1a32:eb872d43,,,,,,,,1,true
chain,arithmetic,read,1000,legacy,0,3,36.20000001788139,1000,3,fnv1a32:eb872d43,,,,,,,,1,true
chain,arithmetic,read,1000,legacy,0,4,34.5,1000,3,fnv1a32:eb872d43,,,,,,,,1,true
chain,arithmetic,edit-cell,1000,legacy,0,0,37.5,1000,3,fnv1a32:e6632d71,,,,,,,,4,true
chain,arithmetic,edit-cell,1000,legacy,0,1,39.599999994039536,1000,3,fnv1a32:ef078c8b,,,,,,,,5,true
chain,arithmetic,edit-cell,1000,legacy,0,2,36.5,1000,3,fnv1a32:ad911601,,,,,,,,6,true
chain,arithmetic,edit-cell,1000,legacy,0,3,37.5,1000,3,fnv1a32:ccb040c9,,,,,,,,7,true
chain,arithmetic,edit-cell,1000,legacy,0,4,34.900000005960464,1000,3,fnv1a32:55064087,,,,,,,,8,true
chain,arithmetic,edit-all,1000,legacy,0,0,38.599999994039536,1000,3,fnv1a32:169807c9,,,,,,,,11,true
chain,arithmetic,edit-all,1000,legacy,0,1,43.900000005960464,1000,3,fnv1a32:97a22649,,,,,,,,12,true
chain,arithmetic,edit-all,1000,legacy,0,2,38,1000,3,fnv1a32:0673d4d9,,,,,,,,13,true
chain,arithmetic,edit-all,1000,legacy,0,3,37.70000001788139,1000,3,fnv1a32:1e779f59,,,,,,,,14,true
chain,arithmetic,edit-all,1000,legacy,0,4,38.5,1000,3,fnv1a32:c4ed72e1,,,,,,,,15,true
chain,arithmetic,edit-formula,1000,legacy,0,0,34.5,1000,3,fnv1a32:ff4a1f0f,,,,,,,,18,true
chain,arithmetic,edit-formula,1000,legacy,0,1,34.80000001192093,1000,3,fnv1a32:0196344f,,,,,,,,19,true
chain,arithmetic,edit-formula,1000,legacy,0,2,34.20000001788139,1000,3,fnv1a32:6863a805,,,,,,,,20,true
chain,arithmetic,edit-formula,1000,legacy,0,3,34.900000005960464,1000,3,fnv1a32:e8bda07b,,,,,,,,21,true
chain,arithmetic,edit-formula,1000,legacy,0,4,34.30000001192093,1000,3,fnv1a32:a0da4495,,,,,,,,22,true
chain,arithmetic,initial,1000,legacy,1,0,58.099999994039536,1000,3,fnv1a32:eb872d43,,,,,,,,1,true
chain,arithmetic,read,1000,legacy,1,0,38.60000002384186,1000,3,fnv1a32:eb872d43,,,,,,,,1,true
chain,arithmetic,read,1000,legacy,1,1,37.80000001192093,1000,3,fnv1a32:eb872d43,,,,,,,,1,true
chain,arithmetic,read,1000,legacy,1,2,40.80000001192093,1000,3,fnv1a32:eb872d43,,,,,,,,1,true
chain,arithmetic,read,1000,legacy,1,3,36.89999997615814,1000,3,fnv1a32:eb872d43,,,,,,,,1,true
chain,arithmetic,read,1000,legacy,1,4,37.5,1000,3,fnv1a32:eb872d43,,,,,,,,1,true
chain,arithmetic,edit-cell,1000,legacy,1,0,38.099999994039536,1000,3,fnv1a32:e6632d71,,,,,,,,4,true
chain,arithmetic,edit-cell,1000,legacy,1,1,37.80000001192093,1000,3,fnv1a32:ef078c8b,,,,,,,,5,true
chain,arithmetic,edit-cell,1000,legacy,1,2,37.30000001192093,1000,3,fnv1a32:ad911601,,,,,,,,6,true
chain,arithmetic,edit-cell,1000,legacy,1,3,38.39999997615814,1000,3,fnv1a32:ccb040c9,,,,,,,,7,true
chain,arithmetic,edit-cell,1000,legacy,1,4,38.69999998807907,1000,3,fnv1a32:55064087,,,,,,,,8,true
chain,arithmetic,edit-all,1000,legacy,1,0,42.20000001788139,1000,3,fnv1a32:169807c9,,,,,,,,11,true
chain,arithmetic,edit-all,1000,legacy,1,1,45.099999994039536,1000,3,fnv1a32:97a22649,,,,,,,,12,true
chain,arithmetic,edit-all,1000,legacy,1,2,41.400000005960464,1000,3,fnv1a32:0673d4d9,,,,,,,,13,true
chain,arithmetic,edit-all,1000,legacy,1,3,40.80000001192093,1000,3,fnv1a32:1e779f59,,,,,,,,14,true
chain,arithmetic,edit-all,1000,legacy,1,4,41,1000,3,fnv1a32:c4ed72e1,,,,,,,,15,true
chain,arithmetic,edit-formula,1000,legacy,1,0,36.5,1000,3,fnv1a32:ff4a1f0f,,,,,,,,18,true
chain,arithmetic,edit-formula,1000,legacy,1,1,37,1000,3,fnv1a32:0196344f,,,,,,,,19,true
chain,arithmetic,edit-formula,1000,legacy,1,2,38.099999994039536,1000,3,fnv1a32:6863a805,,,,,,,,20,true
chain,arithmetic,edit-formula,1000,legacy,1,3,38.30000001192093,1000,3,fnv1a32:e8bda07b,,,,,,,,21,true
chain,arithmetic,edit-formula,1000,legacy,1,4,37.400000005960464,1000,3,fnv1a32:a0da4495,,,,,,,,22,true
chain,arithmetic,initial,1000,native,1,0,51.599999994039536,1000,3,fnv1a32:eb872d43,,,,,,,,2,true
chain,arithmetic,read,1000,native,1,0,1.2000000178813934,1000,3,fnv1a32:eb872d43,,,,,,,,2,true
chain,arithmetic,read,1000,native,1,1,0.9000000059604645,1000,3,fnv1a32:eb872d43,,,,,,,,2,true
chain,arithmetic,read,1000,native,1,2,1,1000,3,fnv1a32:eb872d43,,,,,,,,2,true
chain,arithmetic,read,1000,native,1,3,0.5999999940395355,1000,3,fnv1a32:eb872d43,,,,,,,,2,true
chain,arithmetic,read,1000,native,1,4,0.5,1000,3,fnv1a32:eb872d43,,,,,,,,2,true
chain,arithmetic,edit-cell,1000,native,1,0,6.800000011920929,1000,3,fnv1a32:e6632d71,,,,,,,,5,true
chain,arithmetic,edit-cell,1000,native,1,1,6.9000000059604645,1000,3,fnv1a32:ef078c8b,,,,,,,,6,true
chain,arithmetic,edit-cell,1000,native,1,2,7.300000011920929,1000,3,fnv1a32:ad911601,,,,,,,,7,true
chain,arithmetic,edit-cell,1000,native,1,3,6.300000011920929,1000,3,fnv1a32:ccb040c9,,,,,,,,8,true
chain,arithmetic,edit-cell,1000,native,1,4,5.800000011920929,1000,3,fnv1a32:55064087,,,,,,,,9,true
chain,arithmetic,edit-all,1000,native,1,0,10.900000005960464,1000,3,fnv1a32:169807c9,,,,,,,,3009,true
chain,arithmetic,edit-all,1000,native,1,1,9.700000017881393,1000,3,fnv1a32:97a22649,,,,,,,,4009,true
chain,arithmetic,edit-all,1000,native,1,2,9,1000,3,fnv1a32:0673d4d9,,,,,,,,5009,true
chain,arithmetic,edit-all,1000,native,1,3,10,1000,3,fnv1a32:1e779f59,,,,,,,,6009,true
chain,arithmetic,edit-all,1000,native,1,4,8.599999994039536,1000,3,fnv1a32:c4ed72e1,,,,,,,,7009,true
chain,arithmetic,edit-formula,1000,native,1,0,6.5999999940395355,1000,3,fnv1a32:ff4a1f0f,,,,,,,,7012,true
chain,arithmetic,edit-formula,1000,native,1,1,5.800000011920929,1000,3,fnv1a32:0196344f,,,,,,,,7013,true
chain,arithmetic,edit-formula,1000,native,1,2,6.199999988079071,1000,3,fnv1a32:6863a805,,,,,,,,7014,true
chain,arithmetic,edit-formula,1000,native,1,3,6.5999999940395355,1000,3,fnv1a32:e8bda07b,,,,,,,,7015,true
chain,arithmetic,edit-formula,1000,native,1,4,5.5999999940395355,1000,3,fnv1a32:a0da4495,,,,,,,,7016,true
chain,arithmetic,initial,1000,native,2,0,50.79999998211861,1000,3,fnv1a32:eb872d43,,,,,,,,2,true
chain,arithmetic,read,1000,native,2,0,1.2000000178813934,1000,3,fnv1a32:eb872d43,,,,,,,,2,true
chain,arithmetic,read,1000,native,2,1,0.7999999821186066,1000,3,fnv1a32:eb872d43,,,,,,,,2,true
chain,arithmetic,read,1000,native,2,2,0.800000011920929,1000,3,fnv1a32:eb872d43,,,,,,,,2,true
chain,arithmetic,read,1000,native,2,3,0.5999999940395355,1000,3,fnv1a32:eb872d43,,,,,,,,2,true
chain,arithmetic,read,1000,native,2,4,0.5,1000,3,fnv1a32:eb872d43,,,,,,,,2,true
chain,arithmetic,edit-cell,1000,native,2,0,6.0999999940395355,1000,3,fnv1a32:e6632d71,,,,,,,,5,true
chain,arithmetic,edit-cell,1000,native,2,1,6.5,1000,3,fnv1a32:ef078c8b,,,,,,,,6,true
chain,arithmetic,edit-cell,1000,native,2,2,8.900000005960464,1000,3,fnv1a32:ad911601,,,,,,,,7,true
chain,arithmetic,edit-cell,1000,native,2,3,6.9000000059604645,1000,3,fnv1a32:ccb040c9,,,,,,,,8,true
chain,arithmetic,edit-cell,1000,native,2,4,5.699999988079071,1000,3,fnv1a32:55064087,,,,,,,,9,true
chain,arithmetic,edit-all,1000,native,2,0,9.600000023841858,1000,3,fnv1a32:169807c9,,,,,,,,3009,true
chain,arithmetic,edit-all,1000,native,2,1,9.5,1000,3,fnv1a32:97a22649,,,,,,,,4009,true
chain,arithmetic,edit-all,1000,native,2,2,9.699999988079071,1000,3,fnv1a32:0673d4d9,,,,,,,,5009,true
chain,arithmetic,edit-all,1000,native,2,3,10.300000011920929,1000,3,fnv1a32:1e779f59,,,,,,,,6009,true
chain,arithmetic,edit-all,1000,native,2,4,10.400000005960464,1000,3,fnv1a32:c4ed72e1,,,,,,,,7009,true
chain,arithmetic,edit-formula,1000,native,2,0,6.600000023841858,1000,3,fnv1a32:ff4a1f0f,,,,,,,,7012,true
chain,arithmetic,edit-formula,1000,native,2,1,7.0999999940395355,1000,3,fnv1a32:0196344f,,,,,,,,7013,true
chain,arithmetic,edit-formula,1000,native,2,2,5.199999988079071,1000,3,fnv1a32:6863a805,,,,,,,,7014,true
chain,arithmetic,edit-formula,1000,native,2,3,5.4000000059604645,1000,3,fnv1a32:e8bda07b,,,,,,,,7015,true
chain,arithmetic,edit-formula,1000,native,2,4,6.0999999940395355,1000,3,fnv1a32:a0da4495,,,,,,,,7016,true
chain,arithmetic,initial,1000,legacy,2,0,54.79999998211861,1000,3,fnv1a32:eb872d43,,,,,,,,1,true
chain,arithmetic,read,1000,legacy,2,0,37.79999998211861,1000,3,fnv1a32:eb872d43,,,,,,,,1,true
chain,arithmetic,read,1000,legacy,2,1,36.30000001192093,1000,3,fnv1a32:eb872d43,,,,,,,,1,true
chain,arithmetic,read,1000,legacy,2,2,37.79999998211861,1000,3,fnv1a32:eb872d43,,,,,,,,1,true
chain,arithmetic,read,1000,legacy,2,3,35.400000005960464,1000,3,fnv1a32:eb872d43,,,,,,,,1,true
chain,arithmetic,read,1000,legacy,2,4,35.79999998211861,1000,3,fnv1a32:eb872d43,,,,,,,,1,true
chain,arithmetic,edit-cell,1000,legacy,2,0,35.5,1000,3,fnv1a32:e6632d71,,,,,,,,4,true
chain,arithmetic,edit-cell,1000,legacy,2,1,35.79999998211861,1000,3,fnv1a32:ef078c8b,,,,,,,,5,true
chain,arithmetic,edit-cell,1000,legacy,2,2,35.400000005960464,1000,3,fnv1a32:ad911601,,,,,,,,6,true
chain,arithmetic,edit-cell,1000,legacy,2,3,35.400000005960464,1000,3,fnv1a32:ccb040c9,,,,,,,,7,true
chain,arithmetic,edit-cell,1000,legacy,2,4,35.5,1000,3,fnv1a32:55064087,,,,,,,,8,true
chain,arithmetic,edit-all,1000,legacy,2,0,39.70000001788139,1000,3,fnv1a32:169807c9,,,,,,,,11,true
chain,arithmetic,edit-all,1000,legacy,2,1,41.400000005960464,1000,3,fnv1a32:97a22649,,,,,,,,12,true
chain,arithmetic,edit-all,1000,legacy,2,2,38,1000,3,fnv1a32:0673d4d9,,,,,,,,13,true
chain,arithmetic,edit-all,1000,legacy,2,3,38,1000,3,fnv1a32:1e779f59,,,,,,,,14,true
chain,arithmetic,edit-all,1000,legacy,2,4,38.69999998807907,1000,3,fnv1a32:c4ed72e1,,,,,,,,15,true
chain,arithmetic,edit-formula,1000,legacy,2,0,34.60000002384186,1000,3,fnv1a32:ff4a1f0f,,,,,,,,18,true
chain,arithmetic,edit-formula,1000,legacy,2,1,34.900000005960464,1000,3,fnv1a32:0196344f,,,,,,,,19,true
chain,arithmetic,edit-formula,1000,legacy,2,2,34.79999998211861,1000,3,fnv1a32:6863a805,,,,,,,,20,true
chain,arithmetic,edit-formula,1000,legacy,2,3,35.5,1000,3,fnv1a32:e8bda07b,,,,,,,,21,true
chain,arithmetic,edit-formula,1000,legacy,2,4,34.900000005960464,1000,3,fnv1a32:a0da4495,,,,,,,,22,true
chain,arithmetic,initial,1000,legacy,3,0,57.19999998807907,1000,3,fnv1a32:eb872d43,,,,,,,,1,true
chain,arithmetic,read,1000,legacy,3,0,38.900000005960464,1000,3,fnv1a32:eb872d43,,,,,,,,1,true
chain,arithmetic,read,1000,legacy,3,1,37,1000,3,fnv1a32:eb872d43,,,,,,,,1,true
chain,arithmetic,read,1000,legacy,3,2,42.30000001192093,1000,3,fnv1a32:eb872d43,,,,,,,,1,true
chain,arithmetic,read,1000,legacy,3,3,34.80000001192093,1000,3,fnv1a32:eb872d43,,,,,,,,1,true
chain,arithmetic,read,1000,legacy,3,4,36.19999998807907,1000,3,fnv1a32:eb872d43,,,,,,,,1,true
chain,arithmetic,edit-cell,1000,legacy,3,0,36.5,1000,3,fnv1a32:e6632d71,,,,,,,,4,true
chain,arithmetic,edit-cell,1000,legacy,3,1,37,1000,3,fnv1a32:ef078c8b,,,,,,,,5,true
chain,arithmetic,edit-cell,1000,legacy,3,2,36.20000001788139,1000,3,fnv1a32:ad911601,,,,,,,,6,true
chain,arithmetic,edit-cell,1000,legacy,3,3,36,1000,3,fnv1a32:ccb040c9,,,,,,,,7,true
chain,arithmetic,edit-cell,1000,legacy,3,4,35.5,1000,3,fnv1a32:55064087,,,,,,,,8,true
chain,arithmetic,edit-all,1000,legacy,3,0,42.19999998807907,1000,3,fnv1a32:169807c9,,,,,,,,11,true
chain,arithmetic,edit-all,1000,legacy,3,1,39.79999998211861,1000,3,fnv1a32:97a22649,,,,,,,,12,true
chain,arithmetic,edit-all,1000,legacy,3,2,51.89999997615814,1000,3,fnv1a32:0673d4d9,,,,,,,,13,true
chain,arithmetic,edit-all,1000,legacy,3,3,40.19999998807907,1000,3,fnv1a32:1e779f59,,,,,,,,14,true
chain,arithmetic,edit-all,1000,legacy,3,4,40.79999998211861,1000,3,fnv1a32:c4ed72e1,,,,,,,,15,true
chain,arithmetic,edit-formula,1000,legacy,3,0,35.29999998211861,1000,3,fnv1a32:ff4a1f0f,,,,,,,,18,true
chain,arithmetic,edit-formula,1000,legacy,3,1,35.599999994039536,1000,3,fnv1a32:0196344f,,,,,,,,19,true
chain,arithmetic,edit-formula,1000,legacy,3,2,38.5,1000,3,fnv1a32:6863a805,,,,,,,,20,true
chain,arithmetic,edit-formula,1000,legacy,3,3,36.19999998807907,1000,3,fnv1a32:e8bda07b,,,,,,,,21,true
chain,arithmetic,edit-formula,1000,legacy,3,4,37,1000,3,fnv1a32:a0da4495,,,,,,,,22,true
chain,arithmetic,initial,1000,native,3,0,48.80000001192093,1000,3,fnv1a32:eb872d43,,,,,,,,2,true
chain,arithmetic,read,1000,native,3,0,1.2999999821186066,1000,3,fnv1a32:eb872d43,,,,,,,,2,true
chain,arithmetic,read,1000,native,3,1,1,1000,3,fnv1a32:eb872d43,,,,,,,,2,true
chain,arithmetic,read,1000,native,3,2,0.9000000059604645,1000,3,fnv1a32:eb872d43,,,,,,,,2,true
chain,arithmetic,read,1000,native,3,3,0.6000000238418579,1000,3,fnv1a32:eb872d43,,,,,,,,2,true
chain,arithmetic,read,1000,native,3,4,0.5999999940395355,1000,3,fnv1a32:eb872d43,,,,,,,,2,true
chain,arithmetic,edit-cell,1000,native,3,0,6.800000011920929,1000,3,fnv1a32:e6632d71,,,,,,,,5,true
chain,arithmetic,edit-cell,1000,native,3,1,8.300000011920929,1000,3,fnv1a32:ef078c8b,,,,,,,,6,true
chain,arithmetic,edit-cell,1000,native,3,2,6.5999999940395355,1000,3,fnv1a32:ad911601,,,,,,,,7,true
chain,arithmetic,edit-cell,1000,native,3,3,5.799999982118607,1000,3,fnv1a32:ccb040c9,,,,,,,,8,true
chain,arithmetic,edit-cell,1000,native,3,4,6.899999976158142,1000,3,fnv1a32:55064087,,,,,,,,9,true
chain,arithmetic,edit-all,1000,native,3,0,9,1000,3,fnv1a32:169807c9,,,,,,,,3009,true
chain,arithmetic,edit-all,1000,native,3,1,8.5,1000,3,fnv1a32:97a22649,,,,,,,,4009,true
chain,arithmetic,edit-all,1000,native,3,2,9,1000,3,fnv1a32:0673d4d9,,,,,,,,5009,true
chain,arithmetic,edit-all,1000,native,3,3,9.5,1000,3,fnv1a32:1e779f59,,,,,,,,6009,true
chain,arithmetic,edit-all,1000,native,3,4,8.5,1000,3,fnv1a32:c4ed72e1,,,,,,,,7009,true
chain,arithmetic,edit-formula,1000,native,3,0,5,1000,3,fnv1a32:ff4a1f0f,,,,,,,,7012,true
chain,arithmetic,edit-formula,1000,native,3,1,5.4000000059604645,1000,3,fnv1a32:0196344f,,,,,,,,7013,true
chain,arithmetic,edit-formula,1000,native,3,2,5.699999988079071,1000,3,fnv1a32:6863a805,,,,,,,,7014,true
chain,arithmetic,edit-formula,1000,native,3,3,7.9000000059604645,1000,3,fnv1a32:e8bda07b,,,,,,,,7015,true
chain,arithmetic,edit-formula,1000,native,3,4,5.699999988079071,1000,3,fnv1a32:a0da4495,,,,,,,,7016,true
chain,arithmetic,initial,1000,native,4,0,51.900000005960464,1000,3,fnv1a32:eb872d43,,,,,,,,2,true
chain,arithmetic,read,1000,native,4,0,1.2000000178813934,1000,3,fnv1a32:eb872d43,,,,,,,,2,true
chain,arithmetic,read,1000,native,4,1,1,1000,3,fnv1a32:eb872d43,,,,,,,,2,true
chain,arithmetic,read,1000,native,4,2,1,1000,3,fnv1a32:eb872d43,,,,,,,,2,true
chain,arithmetic,read,1000,native,4,3,0.5,1000,3,fnv1a32:eb872d43,,,,,,,,2,true
chain,arithmetic,read,1000,native,4,4,0.5,1000,3,fnv1a32:eb872d43,,,,,,,,2,true
chain,arithmetic,edit-cell,1000,native,4,0,6.300000011920929,1000,3,fnv1a32:e6632d71,,,,,,,,5,true
chain,arithmetic,edit-cell,1000,native,4,1,7.700000017881393,1000,3,fnv1a32:ef078c8b,,,,,,,,6,true
chain,arithmetic,edit-cell,1000,native,4,2,7.5999999940395355,1000,3,fnv1a32:ad911601,,,,,,,,7,true
chain,arithmetic,edit-cell,1000,native,4,3,5.700000017881393,1000,3,fnv1a32:ccb040c9,,,,,,,,8,true
chain,arithmetic,edit-cell,1000,native,4,4,7.0999999940395355,1000,3,fnv1a32:55064087,,,,,,,,9,true
chain,arithmetic,edit-all,1000,native,4,0,9.199999988079071,1000,3,fnv1a32:169807c9,,,,,,,,3009,true
chain,arithmetic,edit-all,1000,native,4,1,9.300000011920929,1000,3,fnv1a32:97a22649,,,,,,,,4009,true
chain,arithmetic,edit-all,1000,native,4,2,9.200000017881393,1000,3,fnv1a32:0673d4d9,,,,,,,,5009,true
chain,arithmetic,edit-all,1000,native,4,3,9.199999988079071,1000,3,fnv1a32:1e779f59,,,,,,,,6009,true
chain,arithmetic,edit-all,1000,native,4,4,8.599999994039536,1000,3,fnv1a32:c4ed72e1,,,,,,,,7009,true
chain,arithmetic,edit-formula,1000,native,4,0,5.199999988079071,1000,3,fnv1a32:ff4a1f0f,,,,,,,,7012,true
chain,arithmetic,edit-formula,1000,native,4,1,5.200000017881393,1000,3,fnv1a32:0196344f,,,,,,,,7013,true
chain,arithmetic,edit-formula,1000,native,4,2,5.899999976158142,1000,3,fnv1a32:6863a805,,,,,,,,7014,true
chain,arithmetic,edit-formula,1000,native,4,3,7.4000000059604645,1000,3,fnv1a32:e8bda07b,,,,,,,,7015,true
chain,arithmetic,edit-formula,1000,native,4,4,5.899999976158142,1000,3,fnv1a32:a0da4495,,,,,,,,7016,true
chain,arithmetic,initial,1000,legacy,4,0,56.099999994039536,1000,3,fnv1a32:eb872d43,,,,,,,,1,true
chain,arithmetic,read,1000,legacy,4,0,40.19999998807907,1000,3,fnv1a32:eb872d43,,,,,,,,1,true
chain,arithmetic,read,1000,legacy,4,1,37.599999994039536,1000,3,fnv1a32:eb872d43,,,,,,,,1,true
chain,arithmetic,read,1000,legacy,4,2,42.29999998211861,1000,3,fnv1a32:eb872d43,,,,,,,,1,true
chain,arithmetic,read,1000,legacy,4,3,34.5,1000,3,fnv1a32:eb872d43,,,,,,,,1,true
chain,arithmetic,read,1000,legacy,4,4,36.099999994039536,1000,3,fnv1a32:eb872d43,,,,,,,,1,true
chain,arithmetic,edit-cell,1000,legacy,4,0,37.19999998807907,1000,3,fnv1a32:e6632d71,,,,,,,,4,true
chain,arithmetic,edit-cell,1000,legacy,4,1,37.599999994039536,1000,3,fnv1a32:ef078c8b,,,,,,,,5,true
chain,arithmetic,edit-cell,1000,legacy,4,2,37.69999998807907,1000,3,fnv1a32:ad911601,,,,,,,,6,true
chain,arithmetic,edit-cell,1000,legacy,4,3,36.10000002384186,1000,3,fnv1a32:ccb040c9,,,,,,,,7,true
chain,arithmetic,edit-cell,1000,legacy,4,4,36,1000,3,fnv1a32:55064087,,,,,,,,8,true
chain,arithmetic,edit-all,1000,legacy,4,0,41,1000,3,fnv1a32:169807c9,,,,,,,,11,true
chain,arithmetic,edit-all,1000,legacy,4,1,44.5,1000,3,fnv1a32:97a22649,,,,,,,,12,true
chain,arithmetic,edit-all,1000,legacy,4,2,40.599999994039536,1000,3,fnv1a32:0673d4d9,,,,,,,,13,true
chain,arithmetic,edit-all,1000,legacy,4,3,38.89999997615814,1000,3,fnv1a32:1e779f59,,,,,,,,14,true
chain,arithmetic,edit-all,1000,legacy,4,4,40.5,1000,3,fnv1a32:c4ed72e1,,,,,,,,15,true
chain,arithmetic,edit-formula,1000,legacy,4,0,35.80000001192093,1000,3,fnv1a32:ff4a1f0f,,,,,,,,18,true
chain,arithmetic,edit-formula,1000,legacy,4,1,35.29999998211861,1000,3,fnv1a32:0196344f,,,,,,,,19,true
chain,arithmetic,edit-formula,1000,legacy,4,2,35,1000,3,fnv1a32:6863a805,,,,,,,,20,true
chain,arithmetic,edit-formula,1000,legacy,4,3,36.5,1000,3,fnv1a32:e8bda07b,,,,,,,,21,true
chain,arithmetic,edit-formula,1000,legacy,4,4,35.89999997615814,1000,3,fnv1a32:a0da4495,,,,,,,,22,true
chain,arithmetic,initial,10000,legacy,0,0,376.7000000178814,10000,3,fnv1a32:47cb12f3,,,,,,,,1,true
chain,arithmetic,read,10000,legacy,0,0,355.40000000596046,10000,3,fnv1a32:47cb12f3,,,,,,,,1,true
chain,arithmetic,read,10000,legacy,0,1,358.59999999403954,10000,3,fnv1a32:47cb12f3,,,,,,,,1,true
chain,arithmetic,read,10000,legacy,0,2,367.69999998807907,10000,3,fnv1a32:47cb12f3,,,,,,,,1,true
chain,arithmetic,read,10000,legacy,0,3,366.69999998807907,10000,3,fnv1a32:47cb12f3,,,,,,,,1,true
chain,arithmetic,read,10000,legacy,0,4,350.40000000596046,10000,3,fnv1a32:47cb12f3,,,,,,,,1,true
chain,arithmetic,edit-cell,10000,legacy,0,0,356,10000,3,fnv1a32:e3379869,,,,,,,,4,true
chain,arithmetic,edit-cell,10000,legacy,0,1,361.59999999403954,10000,3,fnv1a32:888e07bb,,,,,,,,5,true
chain,arithmetic,edit-cell,10000,legacy,0,2,353.90000000596046,10000,3,fnv1a32:045a84f9,,,,,,,,6,true
chain,arithmetic,edit-cell,10000,legacy,0,3,368.40000000596046,10000,3,fnv1a32:e4f5bcc1,,,,,,,,7,true
chain,arithmetic,edit-cell,10000,legacy,0,4,366.89999997615814,10000,3,fnv1a32:0f4a54a7,,,,,,,,8,true
chain,arithmetic,edit-all,10000,legacy,0,0,410.40000000596046,10000,3,fnv1a32:089c2e8b,,,,,,,,11,true
chain,arithmetic,edit-all,10000,legacy,0,1,404.19999998807907,10000,3,fnv1a32:27fc5ba3,,,,,,,,12,true
chain,arithmetic,edit-all,10000,legacy,0,2,402.19999998807907,10000,3,fnv1a32:12b4a96d,,,,,,,,13,true
chain,arithmetic,edit-all,10000,legacy,0,3,431.2999999821186,10000,3,fnv1a32:903ce107,,,,,,,,14,true
chain,arithmetic,edit-all,10000,legacy,0,4,401.90000000596046,10000,3,fnv1a32:3fffc4cb,,,,,,,,15,true
chain,arithmetic,edit-formula,10000,legacy,0,0,357.30000001192093,10000,3,fnv1a32:266ae3cf,,,,,,,,18,true
chain,arithmetic,edit-formula,10000,legacy,0,1,359.09999999403954,10000,3,fnv1a32:d7aaf95d,,,,,,,,19,true
chain,arithmetic,edit-formula,10000,legacy,0,2,351.90000000596046,10000,3,fnv1a32:94519fc7,,,,,,,,20,true
chain,arithmetic,edit-formula,10000,legacy,0,3,355.5,10000,3,fnv1a32:37e13725,,,,,,,,21,true
chain,arithmetic,edit-formula,10000,legacy,0,4,375.2000000178814,10000,3,fnv1a32:58026821,,,,,,,,22,true
chain,arithmetic,initial,10000,native,0,0,136.40000000596046,10000,3,fnv1a32:47cb12f3,,,,,,,,2,true
chain,arithmetic,read,10000,native,0,0,6.9000000059604645,10000,3,fnv1a32:47cb12f3,,,,,,,,2,true
chain,arithmetic,read,10000,native,0,1,5.9000000059604645,10000,3,fnv1a32:47cb12f3,,,,,,,,2,true
chain,arithmetic,read,10000,native,0,2,6.9000000059604645,10000,3,fnv1a32:47cb12f3,,,,,,,,2,true
chain,arithmetic,read,10000,native,0,3,5.699999988079071,10000,3,fnv1a32:47cb12f3,,,,,,,,2,true
chain,arithmetic,read,10000,native,0,4,5.600000023841858,10000,3,fnv1a32:47cb12f3,,,,,,,,2,true
chain,arithmetic,edit-cell,10000,native,0,0,50.30000001192093,10000,3,fnv1a32:e3379869,,,,,,,,5,true
chain,arithmetic,edit-cell,10000,native,0,1,51,10000,3,fnv1a32:888e07bb,,,,,,,,6,true
chain,arithmetic,edit-cell,10000,native,0,2,49.30000001192093,10000,3,fnv1a32:045a84f9,,,,,,,,7,true
chain,arithmetic,edit-cell,10000,native,0,3,50,10000,3,fnv1a32:e4f5bcc1,,,,,,,,8,true
chain,arithmetic,edit-cell,10000,native,0,4,49.29999998211861,10000,3,fnv1a32:0f4a54a7,,,,,,,,9,true
chain,arithmetic,edit-all,10000,native,0,0,138.69999998807907,10000,3,fnv1a32:089c2e8b,,,,,,,,30009,true
chain,arithmetic,edit-all,10000,native,0,1,124.7999999821186,10000,3,fnv1a32:27fc5ba3,,,,,,,,40009,true
chain,arithmetic,edit-all,10000,native,0,2,120.7999999821186,10000,3,fnv1a32:12b4a96d,,,,,,,,50009,true
chain,arithmetic,edit-all,10000,native,0,3,110.89999997615814,10000,3,fnv1a32:903ce107,,,,,,,,60009,true
chain,arithmetic,edit-all,10000,native,0,4,116.30000001192093,10000,3,fnv1a32:3fffc4cb,,,,,,,,70009,true
chain,arithmetic,edit-formula,10000,native,0,0,53,10000,3,fnv1a32:266ae3cf,,,,,,,,70012,true
chain,arithmetic,edit-formula,10000,native,0,1,51,10000,3,fnv1a32:d7aaf95d,,,,,,,,70013,true
chain,arithmetic,edit-formula,10000,native,0,2,50.5,10000,3,fnv1a32:94519fc7,,,,,,,,70014,true
chain,arithmetic,edit-formula,10000,native,0,3,50.5,10000,3,fnv1a32:37e13725,,,,,,,,70015,true
chain,arithmetic,edit-formula,10000,native,0,4,49.80000001192093,10000,3,fnv1a32:58026821,,,,,,,,70016,true
chain,arithmetic,initial,10000,native,1,0,133.30000001192093,10000,3,fnv1a32:47cb12f3,,,,,,,,2,true
chain,arithmetic,read,10000,native,1,0,5.9000000059604645,10000,3,fnv1a32:47cb12f3,,,,,,,,2,true
chain,arithmetic,read,10000,native,1,1,5.9000000059604645,10000,3,fnv1a32:47cb12f3,,,,,,,,2,true
chain,arithmetic,read,10000,native,1,2,5.800000011920929,10000,3,fnv1a32:47cb12f3,,,,,,,,2,true
chain,arithmetic,read,10000,native,1,3,5.5999999940395355,10000,3,fnv1a32:47cb12f3,,,,,,,,2,true
chain,arithmetic,read,10000,native,1,4,5.700000017881393,10000,3,fnv1a32:47cb12f3,,,,,,,,2,true
chain,arithmetic,edit-cell,10000,native,1,0,50.599999994039536,10000,3,fnv1a32:e3379869,,,,,,,,5,true
chain,arithmetic,edit-cell,10000,native,1,1,51.60000002384186,10000,3,fnv1a32:888e07bb,,,,,,,,6,true
chain,arithmetic,edit-cell,10000,native,1,2,47.69999998807907,10000,3,fnv1a32:045a84f9,,,,,,,,7,true
chain,arithmetic,edit-cell,10000,native,1,3,47.69999998807907,10000,3,fnv1a32:e4f5bcc1,,,,,,,,8,true
chain,arithmetic,edit-cell,10000,native,1,4,48.29999998211861,10000,3,fnv1a32:0f4a54a7,,,,,,,,9,true
chain,arithmetic,edit-all,10000,native,1,0,136.09999999403954,10000,3,fnv1a32:089c2e8b,,,,,,,,30009,true
chain,arithmetic,edit-all,10000,native,1,1,117.5,10000,3,fnv1a32:27fc5ba3,,,,,,,,40009,true
chain,arithmetic,edit-all,10000,native,1,2,115.7000000178814,10000,3,fnv1a32:12b4a96d,,,,,,,,50009,true
chain,arithmetic,edit-all,10000,native,1,3,109.2000000178814,10000,3,fnv1a32:903ce107,,,,,,,,60009,true
chain,arithmetic,edit-all,10000,native,1,4,115.40000000596046,10000,3,fnv1a32:3fffc4cb,,,,,,,,70009,true
chain,arithmetic,edit-formula,10000,native,1,0,51,10000,3,fnv1a32:266ae3cf,,,,,,,,70012,true
chain,arithmetic,edit-formula,10000,native,1,1,50,10000,3,fnv1a32:d7aaf95d,,,,,,,,70013,true
chain,arithmetic,edit-formula,10000,native,1,2,50.5,10000,3,fnv1a32:94519fc7,,,,,,,,70014,true
chain,arithmetic,edit-formula,10000,native,1,3,49.900000005960464,10000,3,fnv1a32:37e13725,,,,,,,,70015,true
chain,arithmetic,edit-formula,10000,native,1,4,49.70000001788139,10000,3,fnv1a32:58026821,,,,,,,,70016,true
chain,arithmetic,initial,10000,legacy,1,0,400.69999998807907,10000,3,fnv1a32:47cb12f3,,,,,,,,1,true
chain,arithmetic,read,10000,legacy,1,0,383.40000000596046,10000,3,fnv1a32:47cb12f3,,,,,,,,1,true
chain,arithmetic,read,10000,legacy,1,1,380.10000002384186,10000,3,fnv1a32:47cb12f3,,,,,,,,1,true
chain,arithmetic,read,10000,legacy,1,2,364.5,10000,3,fnv1a32:47cb12f3,,,,,,,,1,true
chain,arithmetic,read,10000,legacy,1,3,369.69999998807907,10000,3,fnv1a32:47cb12f3,,,,,,,,1,true
chain,arithmetic,read,10000,legacy,1,4,350.2999999821186,10000,3,fnv1a32:47cb12f3,,,,,,,,1,true
chain,arithmetic,edit-cell,10000,legacy,1,0,357.90000000596046,10000,3,fnv1a32:e3379869,,,,,,,,4,true
chain,arithmetic,edit-cell,10000,legacy,1,1,361.30000001192093,10000,3,fnv1a32:888e07bb,,,,,,,,5,true
chain,arithmetic,edit-cell,10000,legacy,1,2,362.09999999403954,10000,3,fnv1a32:045a84f9,,,,,,,,6,true
chain,arithmetic,edit-cell,10000,legacy,1,3,359.09999999403954,10000,3,fnv1a32:e4f5bcc1,,,,,,,,7,true
chain,arithmetic,edit-cell,10000,legacy,1,4,358.5,10000,3,fnv1a32:0f4a54a7,,,,,,,,8,true
chain,arithmetic,edit-all,10000,legacy,1,0,409.69999998807907,10000,3,fnv1a32:089c2e8b,,,,,,,,11,true
chain,arithmetic,edit-all,10000,legacy,1,1,406.5,10000,3,fnv1a32:27fc5ba3,,,,,,,,12,true
chain,arithmetic,edit-all,10000,legacy,1,2,415.5,10000,3,fnv1a32:12b4a96d,,,,,,,,13,true
chain,arithmetic,edit-all,10000,legacy,1,3,406.7999999821186,10000,3,fnv1a32:903ce107,,,,,,,,14,true
chain,arithmetic,edit-all,10000,legacy,1,4,401.5,10000,3,fnv1a32:3fffc4cb,,,,,,,,15,true
chain,arithmetic,edit-formula,10000,legacy,1,0,361.2000000178814,10000,3,fnv1a32:266ae3cf,,,,,,,,18,true
chain,arithmetic,edit-formula,10000,legacy,1,1,350.90000000596046,10000,3,fnv1a32:d7aaf95d,,,,,,,,19,true
chain,arithmetic,edit-formula,10000,legacy,1,2,356.59999999403954,10000,3,fnv1a32:94519fc7,,,,,,,,20,true
chain,arithmetic,edit-formula,10000,legacy,1,3,363.69999998807907,10000,3,fnv1a32:37e13725,,,,,,,,21,true
chain,arithmetic,edit-formula,10000,legacy,1,4,354.80000001192093,10000,3,fnv1a32:58026821,,,,,,,,22,true
chain,arithmetic,initial,10000,legacy,2,0,501.80000001192093,10000,3,fnv1a32:47cb12f3,,,,,,,,1,true
chain,arithmetic,read,10000,legacy,2,0,407,10000,3,fnv1a32:47cb12f3,,,,,,,,1,true
chain,arithmetic,read,10000,legacy,2,1,415.7000000178814,10000,3,fnv1a32:47cb12f3,,,,,,,,1,true
chain,arithmetic,read,10000,legacy,2,2,407,10000,3,fnv1a32:47cb12f3,,,,,,,,1,true
chain,arithmetic,read,10000,legacy,2,3,415.40000000596046,10000,3,fnv1a32:47cb12f3,,,,,,,,1,true
chain,arithmetic,read,10000,legacy,2,4,402.5,10000,3,fnv1a32:47cb12f3,,,,,,,,1,true
chain,arithmetic,edit-cell,10000,legacy,2,0,429.7000000178814,10000,3,fnv1a32:e3379869,,,,,,,,4,true
chain,arithmetic,edit-cell,10000,legacy,2,1,435.5,10000,3,fnv1a32:888e07bb,,,,,,,,5,true
chain,arithmetic,edit-cell,10000,legacy,2,2,423.30000001192093,10000,3,fnv1a32:045a84f9,,,,,,,,6,true
chain,arithmetic,edit-cell,10000,legacy,2,3,425.90000000596046,10000,3,fnv1a32:e4f5bcc1,,,,,,,,7,true
chain,arithmetic,edit-cell,10000,legacy,2,4,427.40000000596046,10000,3,fnv1a32:0f4a54a7,,,,,,,,8,true
chain,arithmetic,edit-all,10000,legacy,2,0,478.90000000596046,10000,3,fnv1a32:089c2e8b,,,,,,,,11,true
chain,arithmetic,edit-all,10000,legacy,2,1,483.7000000178814,10000,3,fnv1a32:27fc5ba3,,,,,,,,12,true
chain,arithmetic,edit-all,10000,legacy,2,2,475.90000000596046,10000,3,fnv1a32:12b4a96d,,,,,,,,13,true
chain,arithmetic,edit-all,10000,legacy,2,3,475,10000,3,fnv1a32:903ce107,,,,,,,,14,true
chain,arithmetic,edit-all,10000,legacy,2,4,481.5,10000,3,fnv1a32:3fffc4cb,,,,,,,,15,true
chain,arithmetic,edit-formula,10000,legacy,2,0,417.2999999821186,10000,3,fnv1a32:266ae3cf,,,,,,,,18,true
chain,arithmetic,edit-formula,10000,legacy,2,1,421.90000000596046,10000,3,fnv1a32:d7aaf95d,,,,,,,,19,true
chain,arithmetic,edit-formula,10000,legacy,2,2,425.10000002384186,10000,3,fnv1a32:94519fc7,,,,,,,,20,true
chain,arithmetic,edit-formula,10000,legacy,2,3,413.60000002384186,10000,3,fnv1a32:37e13725,,,,,,,,21,true
chain,arithmetic,edit-formula,10000,legacy,2,4,435.5,10000,3,fnv1a32:58026821,,,,,,,,22,true
chain,arithmetic,initial,10000,native,2,0,137.39999997615814,10000,3,fnv1a32:47cb12f3,,,,,,,,2,true
chain,arithmetic,read,10000,native,2,0,6.800000011920929,10000,3,fnv1a32:47cb12f3,,,,,,,,2,true
chain,arithmetic,read,10000,native,2,1,5.9000000059604645,10000,3,fnv1a32:47cb12f3,,,,,,,,2,true
chain,arithmetic,read,10000,native,2,2,6.199999988079071,10000,3,fnv1a32:47cb12f3,,,,,,,,2,true
chain,arithmetic,read,10000,native,2,3,6.4000000059604645,10000,3,fnv1a32:47cb12f3,,,,,,,,2,true
chain,arithmetic,read,10000,native,2,4,9.899999976158142,10000,3,fnv1a32:47cb12f3,,,,,,,,2,true
chain,arithmetic,edit-cell,10000,native,2,0,54.099999994039536,10000,3,fnv1a32:e3379869,,,,,,,,5,true
chain,arithmetic,edit-cell,10000,native,2,1,54.70000001788139,10000,3,fnv1a32:888e07bb,,,,,,,,6,true
chain,arithmetic,edit-cell,10000,native,2,2,50.599999994039536,10000,3,fnv1a32:045a84f9,,,,,,,,7,true
chain,arithmetic,edit-cell,10000,native,2,3,53.099999994039536,10000,3,fnv1a32:e4f5bcc1,,,,,,,,8,true
chain,arithmetic,edit-cell,10000,native,2,4,53.20000001788139,10000,3,fnv1a32:0f4a54a7,,,,,,,,9,true
chain,arithmetic,edit-all,10000,native,2,0,146.2999999821186,10000,3,fnv1a32:089c2e8b,,,,,,,,30009,true
chain,arithmetic,edit-all,10000,native,2,1,125.7000000178814,10000,3,fnv1a32:27fc5ba3,,,,,,,,40009,true
chain,arithmetic,edit-all,10000,native,2,2,124.5,10000,3,fnv1a32:12b4a96d,,,,,,,,50009,true
chain,arithmetic,edit-all,10000,native,2,3,115.59999999403954,10000,3,fnv1a32:903ce107,,,,,,,,60009,true
chain,arithmetic,edit-all,10000,native,2,4,120.5,10000,3,fnv1a32:3fffc4cb,,,,,,,,70009,true
chain,arithmetic,edit-formula,10000,native,2,0,54,10000,3,fnv1a32:266ae3cf,,,,,,,,70012,true
chain,arithmetic,edit-formula,10000,native,2,1,54.5,10000,3,fnv1a32:d7aaf95d,,,,,,,,70013,true
chain,arithmetic,edit-formula,10000,native,2,2,52.400000005960464,10000,3,fnv1a32:94519fc7,,,,,,,,70014,true
chain,arithmetic,edit-formula,10000,native,2,3,52.900000005960464,10000,3,fnv1a32:37e13725,,,,,,,,70015,true
chain,arithmetic,edit-formula,10000,native,2,4,52,10000,3,fnv1a32:58026821,,,,,,,,70016,true
chain,arithmetic,initial,10000,native,3,0,142.7999999821186,10000,3,fnv1a32:47cb12f3,,,,,,,,2,true
chain,arithmetic,read,10000,native,3,0,6,10000,3,fnv1a32:47cb12f3,,,,,,,,2,true
chain,arithmetic,read,10000,native,3,1,6.200000017881393,10000,3,fnv1a32:47cb12f3,,,,,,,,2,true
chain,arithmetic,read,10000,native,3,2,6.200000017881393,10000,3,fnv1a32:47cb12f3,,,,,,,,2,true
chain,arithmetic,read,10000,native,3,3,5.700000017881393,10000,3,fnv1a32:47cb12f3,,,,,,,,2,true
chain,arithmetic,read,10000,native,3,4,5.799999982118607,10000,3,fnv1a32:47cb12f3,,,,,,,,2,true
chain,arithmetic,edit-cell,10000,native,3,0,53.5,10000,3,fnv1a32:e3379869,,,,,,,,5,true
chain,arithmetic,edit-cell,10000,native,3,1,54.5,10000,3,fnv1a32:888e07bb,,,,,,,,6,true
chain,arithmetic,edit-cell,10000,native,3,2,51.19999998807907,10000,3,fnv1a32:045a84f9,,,,,,,,7,true
chain,arithmetic,edit-cell,10000,native,3,3,52.400000005960464,10000,3,fnv1a32:e4f5bcc1,,,,,,,,8,true
chain,arithmetic,edit-cell,10000,native,3,4,51.900000005960464,10000,3,fnv1a32:0f4a54a7,,,,,,,,9,true
chain,arithmetic,edit-all,10000,native,3,0,142.40000000596046,10000,3,fnv1a32:089c2e8b,,,,,,,,30009,true
chain,arithmetic,edit-all,10000,native,3,1,125.5,10000,3,fnv1a32:27fc5ba3,,,,,,,,40009,true
chain,arithmetic,edit-all,10000,native,3,2,127,10000,3,fnv1a32:12b4a96d,,,,,,,,50009,true
chain,arithmetic,edit-all,10000,native,3,3,116.39999997615814,10000,3,fnv1a32:903ce107,,,,,,,,60009,true
chain,arithmetic,edit-all,10000,native,3,4,125.5,10000,3,fnv1a32:3fffc4cb,,,,,,,,70009,true
chain,arithmetic,edit-formula,10000,native,3,0,55.599999994039536,10000,3,fnv1a32:266ae3cf,,,,,,,,70012,true
chain,arithmetic,edit-formula,10000,native,3,1,51.900000005960464,10000,3,fnv1a32:d7aaf95d,,,,,,,,70013,true
chain,arithmetic,edit-formula,10000,native,3,2,57.20000001788139,10000,3,fnv1a32:94519fc7,,,,,,,,70014,true
chain,arithmetic,edit-formula,10000,native,3,3,51.900000005960464,10000,3,fnv1a32:37e13725,,,,,,,,70015,true
chain,arithmetic,edit-formula,10000,native,3,4,51.599999994039536,10000,3,fnv1a32:58026821,,,,,,,,70016,true
chain,arithmetic,initial,10000,legacy,3,0,386.7000000178814,10000,3,fnv1a32:47cb12f3,,,,,,,,1,true
chain,arithmetic,read,10000,legacy,3,0,358.10000002384186,10000,3,fnv1a32:47cb12f3,,,,,,,,1,true
chain,arithmetic,read,10000,legacy,3,1,364.40000000596046,10000,3,fnv1a32:47cb12f3,,,,,,,,1,true
chain,arithmetic,read,10000,legacy,3,2,369,10000,3,fnv1a32:47cb12f3,,,,,,,,1,true
chain,arithmetic,read,10000,legacy,3,3,375.7999999821186,10000,3,fnv1a32:47cb12f3,,,,,,,,1,true
chain,arithmetic,read,10000,legacy,3,4,357.5,10000,3,fnv1a32:47cb12f3,,,,,,,,1,true
chain,arithmetic,edit-cell,10000,legacy,3,0,358.10000002384186,10000,3,fnv1a32:e3379869,,,,,,,,4,true
chain,arithmetic,edit-cell,10000,legacy,3,1,364.80000001192093,10000,3,fnv1a32:888e07bb,,,,,,,,5,true
chain,arithmetic,edit-cell,10000,legacy,3,2,362.7999999821186,10000,3,fnv1a32:045a84f9,,,,,,,,6,true
chain,arithmetic,edit-cell,10000,legacy,3,3,357.40000000596046,10000,3,fnv1a32:e4f5bcc1,,,,,,,,7,true
chain,arithmetic,edit-cell,10000,legacy,3,4,356.5,10000,3,fnv1a32:0f4a54a7,,,,,,,,8,true
chain,arithmetic,edit-all,10000,legacy,3,0,403,10000,3,fnv1a32:089c2e8b,,,,,,,,11,true
chain,arithmetic,edit-all,10000,legacy,3,1,408.7000000178814,10000,3,fnv1a32:27fc5ba3,,,,,,,,12,true
chain,arithmetic,edit-all,10000,legacy,3,2,406.90000000596046,10000,3,fnv1a32:12b4a96d,,,,,,,,13,true
chain,arithmetic,edit-all,10000,legacy,3,3,411.30000001192093,10000,3,fnv1a32:903ce107,,,,,,,,14,true
chain,arithmetic,edit-all,10000,legacy,3,4,406.5,10000,3,fnv1a32:3fffc4cb,,,,,,,,15,true
chain,arithmetic,edit-formula,10000,legacy,3,0,367,10000,3,fnv1a32:266ae3cf,,,,,,,,18,true
chain,arithmetic,edit-formula,10000,legacy,3,1,360.2000000178814,10000,3,fnv1a32:d7aaf95d,,,,,,,,19,true
chain,arithmetic,edit-formula,10000,legacy,3,2,362.7000000178814,10000,3,fnv1a32:94519fc7,,,,,,,,20,true
chain,arithmetic,edit-formula,10000,legacy,3,3,367.7999999821186,10000,3,fnv1a32:37e13725,,,,,,,,21,true
chain,arithmetic,edit-formula,10000,legacy,3,4,359.80000001192093,10000,3,fnv1a32:58026821,,,,,,,,22,true
chain,arithmetic,initial,10000,legacy,4,0,383.2999999821186,10000,3,fnv1a32:47cb12f3,,,,,,,,1,true
chain,arithmetic,read,10000,legacy,4,0,360.39999997615814,10000,3,fnv1a32:47cb12f3,,,,,,,,1,true
chain,arithmetic,read,10000,legacy,4,1,365.40000000596046,10000,3,fnv1a32:47cb12f3,,,,,,,,1,true
chain,arithmetic,read,10000,legacy,4,2,368.5,10000,3,fnv1a32:47cb12f3,,,,,,,,1,true
chain,arithmetic,read,10000,legacy,4,3,383.7000000178814,10000,3,fnv1a32:47cb12f3,,,,,,,,1,true
chain,arithmetic,read,10000,legacy,4,4,359.19999998807907,10000,3,fnv1a32:47cb12f3,,,,,,,,1,true
chain,arithmetic,edit-cell,10000,legacy,4,0,361.59999999403954,10000,3,fnv1a32:e3379869,,,,,,,,4,true
chain,arithmetic,edit-cell,10000,legacy,4,1,379.5,10000,3,fnv1a32:888e07bb,,,,,,,,5,true
chain,arithmetic,edit-cell,10000,legacy,4,2,358.5,10000,3,fnv1a32:045a84f9,,,,,,,,6,true
chain,arithmetic,edit-cell,10000,legacy,4,3,358.7000000178814,10000,3,fnv1a32:e4f5bcc1,,,,,,,,7,true
chain,arithmetic,edit-cell,10000,legacy,4,4,359.7000000178814,10000,3,fnv1a32:0f4a54a7,,,,,,,,8,true
chain,arithmetic,edit-all,10000,legacy,4,0,425.5,10000,3,fnv1a32:089c2e8b,,,,,,,,11,true
chain,arithmetic,edit-all,10000,legacy,4,1,411.40000000596046,10000,3,fnv1a32:27fc5ba3,,,,,,,,12,true
chain,arithmetic,edit-all,10000,legacy,4,2,409.89999997615814,10000,3,fnv1a32:12b4a96d,,,,,,,,13,true
chain,arithmetic,edit-all,10000,legacy,4,3,411.2000000178814,10000,3,fnv1a32:903ce107,,,,,,,,14,true
chain,arithmetic,edit-all,10000,legacy,4,4,407.7000000178814,10000,3,fnv1a32:3fffc4cb,,,,,,,,15,true
chain,arithmetic,edit-formula,10000,legacy,4,0,369.2000000178814,10000,3,fnv1a32:266ae3cf,,,,,,,,18,true
chain,arithmetic,edit-formula,10000,legacy,4,1,359.69999998807907,10000,3,fnv1a32:d7aaf95d,,,,,,,,19,true
chain,arithmetic,edit-formula,10000,legacy,4,2,367.30000001192093,10000,3,fnv1a32:94519fc7,,,,,,,,20,true
chain,arithmetic,edit-formula,10000,legacy,4,3,366.5,10000,3,fnv1a32:37e13725,,,,,,,,21,true
chain,arithmetic,edit-formula,10000,legacy,4,4,361.69999998807907,10000,3,fnv1a32:58026821,,,,,,,,22,true
chain,arithmetic,initial,10000,native,4,0,135.09999999403954,10000,3,fnv1a32:47cb12f3,,,,,,,,2,true
chain,arithmetic,read,10000,native,4,0,7.0999999940395355,10000,3,fnv1a32:47cb12f3,,,,,,,,2,true
chain,arithmetic,read,10000,native,4,1,6.5,10000,3,fnv1a32:47cb12f3,,,,,,,,2,true
chain,arithmetic,read,10000,native,4,2,6,10000,3,fnv1a32:47cb12f3,,,,,,,,2,true
chain,arithmetic,read,10000,native,4,3,5.800000011920929,10000,3,fnv1a32:47cb12f3,,,,,,,,2,true
chain,arithmetic,read,10000,native,4,4,5.899999976158142,10000,3,fnv1a32:47cb12f3,,,,,,,,2,true
chain,arithmetic,edit-cell,10000,native,4,0,51.599999994039536,10000,3,fnv1a32:e3379869,,,,,,,,5,true
chain,arithmetic,edit-cell,10000,native,4,1,50.900000005960464,10000,3,fnv1a32:888e07bb,,,,,,,,6,true
chain,arithmetic,edit-cell,10000,native,4,2,51.599999994039536,10000,3,fnv1a32:045a84f9,,,,,,,,7,true
chain,arithmetic,edit-cell,10000,native,4,3,50.80000001192093,10000,3,fnv1a32:e4f5bcc1,,,,,,,,8,true
chain,arithmetic,edit-cell,10000,native,4,4,50.30000001192093,10000,3,fnv1a32:0f4a54a7,,,,,,,,9,true
chain,arithmetic,edit-all,10000,native,4,0,143.7999999821186,10000,3,fnv1a32:089c2e8b,,,,,,,,30009,true
chain,arithmetic,edit-all,10000,native,4,1,123.59999999403954,10000,3,fnv1a32:27fc5ba3,,,,,,,,40009,true
chain,arithmetic,edit-all,10000,native,4,2,120.30000001192093,10000,3,fnv1a32:12b4a96d,,,,,,,,50009,true
chain,arithmetic,edit-all,10000,native,4,3,111.59999999403954,10000,3,fnv1a32:903ce107,,,,,,,,60009,true
chain,arithmetic,edit-all,10000,native,4,4,114,10000,3,fnv1a32:3fffc4cb,,,,,,,,70009,true
chain,arithmetic,edit-formula,10000,native,4,0,53.20000001788139,10000,3,fnv1a32:266ae3cf,,,,,,,,70012,true
chain,arithmetic,edit-formula,10000,native,4,1,51.400000005960464,10000,3,fnv1a32:d7aaf95d,,,,,,,,70013,true
chain,arithmetic,edit-formula,10000,native,4,2,50.70000001788139,10000,3,fnv1a32:94519fc7,,,,,,,,70014,true
chain,arithmetic,edit-formula,10000,native,4,3,51.099999994039536,10000,3,fnv1a32:37e13725,,,,,,,,70015,true
chain,arithmetic,edit-formula,10000,native,4,4,50.69999998807907,10000,3,fnv1a32:58026821,,,,,,,,70016,true
chain,text-list,initial,100,native,0,0,38.5,100,3,fnv1a32:7e3983a5,,,,,,,,2,true
chain,text-list,read,100,native,0,0,0,100,3,fnv1a32:7e3983a5,,,,,,,,2,true
chain,text-list,read,100,native,0,1,0.19999998807907104,100,3,fnv1a32:7e3983a5,,,,,,,,2,true
chain,text-list,read,100,native,0,2,0.09999999403953552,100,3,fnv1a32:7e3983a5,,,,,,,,2,true
chain,text-list,read,100,native,0,3,0,100,3,fnv1a32:7e3983a5,,,,,,,,2,true
chain,text-list,read,100,native,0,4,0.20000001788139343,100,3,fnv1a32:7e3983a5,,,,,,,,2,true
chain,text-list,edit-cell,100,native,0,0,2.7000000178813934,100,3,fnv1a32:50e0fc4f,,,,,,,,5,true
chain,text-list,edit-cell,100,native,0,1,2.2000000178813934,100,3,fnv1a32:2f603cff,,,,,,,,6,true
chain,text-list,edit-cell,100,native,0,2,2.4000000059604645,100,3,fnv1a32:b3f071f1,,,,,,,,7,true
chain,text-list,edit-cell,100,native,0,3,2.100000023841858,100,3,fnv1a32:aa9884bd,,,,,,,,8,true
chain,text-list,edit-cell,100,native,0,4,2,100,3,fnv1a32:0b000875,,,,,,,,9,true
chain,text-list,edit-all,100,native,0,0,3.0999999940395355,100,3,fnv1a32:31024395,,,,,,,,309,true
chain,text-list,edit-all,100,native,0,1,3.2000000178813934,100,3,fnv1a32:8423dd31,,,,,,,,409,true
chain,text-list,edit-all,100,native,0,2,2.9000000059604645,100,3,fnv1a32:bf1145b1,,,,,,,,509,true
chain,text-list,edit-all,100,native,0,3,3.5,100,3,fnv1a32:786d8fad,,,,,,,,609,true
chain,text-list,edit-all,100,native,0,4,2.300000011920929,100,3,fnv1a32:bd1d13dd,,,,,,,,709,true
chain,text-list,edit-formula,100,native,0,0,4.0999999940395355,100,3,fnv1a32:bb89b411,,,,,,,,712,true
chain,text-list,edit-formula,100,native,0,1,3,100,3,fnv1a32:3542eb0d,,,,,,,,713,true
chain,text-list,edit-formula,100,native,0,2,2.5,100,3,fnv1a32:1811b285,,,,,,,,714,true
chain,text-list,edit-formula,100,native,0,3,3.199999988079071,100,3,fnv1a32:5d089089,,,,,,,,715,true
chain,text-list,edit-formula,100,native,0,4,2.5,100,3,fnv1a32:6fb83549,,,,,,,,716,true
chain,text-list,initial,100,legacy,0,0,11.400000005960464,100,3,fnv1a32:7e3983a5,,,,,,,,1,true
chain,text-list,read,100,legacy,0,0,2.4000000059604645,100,3,fnv1a32:7e3983a5,,,,,,,,1,true
chain,text-list,read,100,legacy,0,1,2,100,3,fnv1a32:7e3983a5,,,,,,,,1,true
chain,text-list,read,100,legacy,0,2,2,100,3,fnv1a32:7e3983a5,,,,,,,,1,true
chain,text-list,read,100,legacy,0,3,1.800000011920929,100,3,fnv1a32:7e3983a5,,,,,,,,1,true
chain,text-list,read,100,legacy,0,4,1.9000000059604645,100,3,fnv1a32:7e3983a5,,,,,,,,1,true
chain,text-list,edit-cell,100,legacy,0,0,2.0999999940395355,100,3,fnv1a32:50e0fc4f,,,,,,,,4,true
chain,text-list,edit-cell,100,legacy,0,1,1.9000000059604645,100,3,fnv1a32:2f603cff,,,,,,,,5,true
chain,text-list,edit-cell,100,legacy,0,2,2,100,3,fnv1a32:b3f071f1,,,,,,,,6,true
chain,text-list,edit-cell,100,legacy,0,3,2,100,3,fnv1a32:aa9884bd,,,,,,,,7,true
chain,text-list,edit-cell,100,legacy,0,4,2,100,3,fnv1a32:0b000875,,,,,,,,8,true
chain,text-list,edit-all,100,legacy,0,0,7.5,100,3,fnv1a32:31024395,,,,,,,,11,true
chain,text-list,edit-all,100,legacy,0,1,6.9000000059604645,100,3,fnv1a32:8423dd31,,,,,,,,12,true
chain,text-list,edit-all,100,legacy,0,2,5.9000000059604645,100,3,fnv1a32:bf1145b1,,,,,,,,13,true
chain,text-list,edit-all,100,legacy,0,3,5.699999988079071,100,3,fnv1a32:786d8fad,,,,,,,,14,true
chain,text-list,edit-all,100,legacy,0,4,5.800000011920929,100,3,fnv1a32:bd1d13dd,,,,,,,,15,true
chain,text-list,edit-formula,100,legacy,0,0,7.0999999940395355,100,3,fnv1a32:bb89b411,,,,,,,,18,true
chain,text-list,edit-formula,100,legacy,0,1,5.0999999940395355,100,3,fnv1a32:3542eb0d,,,,,,,,19,true
chain,text-list,edit-formula,100,legacy,0,2,7.200000017881393,100,3,fnv1a32:1811b285,,,,,,,,20,true
chain,text-list,edit-formula,100,legacy,0,3,5.699999988079071,100,3,fnv1a32:5d089089,,,,,,,,21,true
chain,text-list,edit-formula,100,legacy,0,4,4.9000000059604645,100,3,fnv1a32:6fb83549,,,,,,,,22,true
chain,text-list,initial,100,legacy,1,0,10.5,100,3,fnv1a32:7e3983a5,,,,,,,,1,true
chain,text-list,read,100,legacy,1,0,2.2999999821186066,100,3,fnv1a32:7e3983a5,,,,,,,,1,true
chain,text-list,read,100,legacy,1,1,2,100,3,fnv1a32:7e3983a5,,,,,,,,1,true
chain,text-list,read,100,legacy,1,2,2.0999999940395355,100,3,fnv1a32:7e3983a5,,,,,,,,1,true
chain,text-list,read,100,legacy,1,3,1.899999976158142,100,3,fnv1a32:7e3983a5,,,,,,,,1,true
chain,text-list,read,100,legacy,1,4,1.9000000059604645,100,3,fnv1a32:7e3983a5,,,,,,,,1,true
chain,text-list,edit-cell,100,legacy,1,0,2,100,3,fnv1a32:50e0fc4f,,,,,,,,4,true
chain,text-list,edit-cell,100,legacy,1,1,1.9000000059604645,100,3,fnv1a32:2f603cff,,,,,,,,5,true
chain,text-list,edit-cell,100,legacy,1,2,1.800000011920929,100,3,fnv1a32:b3f071f1,,,,,,,,6,true
chain,text-list,edit-cell,100,legacy,1,3,2,100,3,fnv1a32:aa9884bd,,,,,,,,7,true
chain,text-list,edit-cell,100,legacy,1,4,1.899999976158142,100,3,fnv1a32:0b000875,,,,,,,,8,true
chain,text-list,edit-all,100,legacy,1,0,6.800000011920929,100,3,fnv1a32:31024395,,,,,,,,11,true
chain,text-list,edit-all,100,legacy,1,1,6.800000011920929,100,3,fnv1a32:8423dd31,,,,,,,,12,true
chain,text-list,edit-all,100,legacy,1,2,5.800000011920929,100,3,fnv1a32:bf1145b1,,,,,,,,13,true
chain,text-list,edit-all,100,legacy,1,3,5.5,100,3,fnv1a32:786d8fad,,,,,,,,14,true
chain,text-list,edit-all,100,legacy,1,4,5.699999988079071,100,3,fnv1a32:bd1d13dd,,,,,,,,15,true
chain,text-list,edit-formula,100,legacy,1,0,6.4000000059604645,100,3,fnv1a32:bb89b411,,,,,,,,18,true
chain,text-list,edit-formula,100,legacy,1,1,4.9000000059604645,100,3,fnv1a32:3542eb0d,,,,,,,,19,true
chain,text-list,edit-formula,100,legacy,1,2,6.5999999940395355,100,3,fnv1a32:1811b285,,,,,,,,20,true
chain,text-list,edit-formula,100,legacy,1,3,4.9000000059604645,100,3,fnv1a32:5d089089,,,,,,,,21,true
chain,text-list,edit-formula,100,legacy,1,4,5,100,3,fnv1a32:6fb83549,,,,,,,,22,true
chain,text-list,initial,100,native,1,0,37.69999998807907,100,3,fnv1a32:7e3983a5,,,,,,,,2,true
chain,text-list,read,100,native,1,0,0,100,3,fnv1a32:7e3983a5,,,,,,,,2,true
chain,text-list,read,100,native,1,1,0.20000001788139343,100,3,fnv1a32:7e3983a5,,,,,,,,2,true
chain,text-list,read,100,native,1,2,0.20000001788139343,100,3,fnv1a32:7e3983a5,,,,,,,,2,true
chain,text-list,read,100,native,1,3,0,100,3,fnv1a32:7e3983a5,,,,,,,,2,true
chain,text-list,read,100,native,1,4,0,100,3,fnv1a32:7e3983a5,,,,,,,,2,true
chain,text-list,edit-cell,100,native,1,0,2.5999999940395355,100,3,fnv1a32:50e0fc4f,,,,,,,,5,true
chain,text-list,edit-cell,100,native,1,1,2.100000023841858,100,3,fnv1a32:2f603cff,,,,,,,,6,true
chain,text-list,edit-cell,100,native,1,2,2.4000000059604645,100,3,fnv1a32:b3f071f1,,,,,,,,7,true
chain,text-list,edit-cell,100,native,1,3,1.9000000059604645,100,3,fnv1a32:aa9884bd,,,,,,,,8,true
chain,text-list,edit-cell,100,native,1,4,1.9000000059604645,100,3,fnv1a32:0b000875,,,,,,,,9,true
chain,text-list,edit-all,100,native,1,0,3.0999999940395355,100,3,fnv1a32:31024395,,,,,,,,309,true
chain,text-list,edit-all,100,native,1,1,3.300000011920929,100,3,fnv1a32:8423dd31,,,,,,,,409,true
chain,text-list,edit-all,100,native,1,2,3.0999999940395355,100,3,fnv1a32:bf1145b1,,,,,,,,509,true
chain,text-list,edit-all,100,native,1,3,3.0999999940395355,100,3,fnv1a32:786d8fad,,,,,,,,609,true
chain,text-list,edit-all,100,native,1,4,2.9000000059604645,100,3,fnv1a32:bd1d13dd,,,,,,,,709,true
chain,text-list,edit-formula,100,native,1,0,2.699999988079071,100,3,fnv1a32:bb89b411,,,,,,,,712,true
chain,text-list,edit-formula,100,native,1,1,3.199999988079071,100,3,fnv1a32:3542eb0d,,,,,,,,713,true
chain,text-list,edit-formula,100,native,1,2,2.699999988079071,100,3,fnv1a32:1811b285,,,,,,,,714,true
chain,text-list,edit-formula,100,native,1,3,2.800000011920929,100,3,fnv1a32:5d089089,,,,,,,,715,true
chain,text-list,edit-formula,100,native,1,4,2.7000000178813934,100,3,fnv1a32:6fb83549,,,,,,,,716,true
chain,text-list,initial,100,native,2,0,38.80000001192093,100,3,fnv1a32:7e3983a5,,,,,,,,2,true
chain,text-list,read,100,native,2,0,0.10000002384185791,100,3,fnv1a32:7e3983a5,,,,,,,,2,true
chain,text-list,read,100,native,2,1,0.19999998807907104,100,3,fnv1a32:7e3983a5,,,,,,,,2,true
chain,text-list,read,100,native,2,2,0.19999998807907104,100,3,fnv1a32:7e3983a5,,,,,,,,2,true
chain,text-list,read,100,native,2,3,0.09999999403953552,100,3,fnv1a32:7e3983a5,,,,,,,,2,true
chain,text-list,read,100,native,2,4,0.20000001788139343,100,3,fnv1a32:7e3983a5,,,,,,,,2,true
chain,text-list,edit-cell,100,native,2,0,3.0999999940395355,100,3,fnv1a32:50e0fc4f,,,,,,,,5,true
chain,text-list,edit-cell,100,native,2,1,3.9000000059604645,100,3,fnv1a32:2f603cff,,,,,,,,6,true
chain,text-list,edit-cell,100,native,2,2,2.699999988079071,100,3,fnv1a32:b3f071f1,,,,,,,,7,true
chain,text-list,edit-cell,100,native,2,3,2.2999999821186066,100,3,fnv1a32:aa9884bd,,,,,,,,8,true
chain,text-list,edit-cell,100,native,2,4,3.0999999940395355,100,3,fnv1a32:0b000875,,,,,,,,9,true
chain,text-list,edit-all,100,native,2,0,3.7999999821186066,100,3,fnv1a32:31024395,,,,,,,,309,true
chain,text-list,edit-all,100,native,2,1,4.799999982118607,100,3,fnv1a32:8423dd31,,,,,,,,409,true
chain,text-list,edit-all,100,native,2,2,3.800000011920929,100,3,fnv1a32:bf1145b1,,,,,,,,509,true
chain,text-list,edit-all,100,native,2,3,3.9000000059604645,100,3,fnv1a32:786d8fad,,,,,,,,609,true
chain,text-list,edit-all,100,native,2,4,2.2999999821186066,100,3,fnv1a32:bd1d13dd,,,,,,,,709,true
chain,text-list,edit-formula,100,native,2,0,3.5,100,3,fnv1a32:bb89b411,,,,,,,,712,true
chain,text-list,edit-formula,100,native,2,1,2.5,100,3,fnv1a32:3542eb0d,,,,,,,,713,true
chain,text-list,edit-formula,100,native,2,2,5.199999988079071,100,3,fnv1a32:1811b285,,,,,,,,714,true
chain,text-list,edit-formula,100,native,2,3,3.2999999821186066,100,3,fnv1a32:5d089089,,,,,,,,715,true
chain,text-list,edit-formula,100,native,2,4,2.800000011920929,100,3,fnv1a32:6fb83549,,,,,,,,716,true
chain,text-list,initial,100,legacy,2,0,10.800000011920929,100,3,fnv1a32:7e3983a5,,,,,,,,1,true
chain,text-list,read,100,legacy,2,0,2.300000011920929,100,3,fnv1a32:7e3983a5,,,,,,,,1,true
chain,text-list,read,100,legacy,2,1,2.2000000178813934,100,3,fnv1a32:7e3983a5,,,,,,,,1,true
chain,text-list,read,100,legacy,2,2,1.9000000059604645,100,3,fnv1a32:7e3983a5,,,,,,,,1,true
chain,text-list,read,100,legacy,2,3,1.800000011920929,100,3,fnv1a32:7e3983a5,,,,,,,,1,true
chain,text-list,read,100,legacy,2,4,1.7999999821186066,100,3,fnv1a32:7e3983a5,,,,,,,,1,true
chain,text-list,edit-cell,100,legacy,2,0,2.0999999940395355,100,3,fnv1a32:50e0fc4f,,,,,,,,4,true
chain,text-list,edit-cell,100,legacy,2,1,1.9000000059604645,100,3,fnv1a32:2f603cff,,,,,,,,5,true
chain,text-list,edit-cell,100,legacy,2,2,1.9000000059604645,100,3,fnv1a32:b3f071f1,,,,,,,,6,true
chain,text-list,edit-cell,100,legacy,2,3,2,100,3,fnv1a32:aa9884bd,,,,,,,,7,true
chain,text-list,edit-cell,100,legacy,2,4,2,100,3,fnv1a32:0b000875,,,,,,,,8,true
chain,text-list,edit-all,100,legacy,2,0,6.9000000059604645,100,3,fnv1a32:31024395,,,,,,,,11,true
chain,text-list,edit-all,100,legacy,2,1,7.0999999940395355,100,3,fnv1a32:8423dd31,,,,,,,,12,true
chain,text-list,edit-all,100,legacy,2,2,5.899999976158142,100,3,fnv1a32:bf1145b1,,,,,,,,13,true
chain,text-list,edit-all,100,legacy,2,3,5.5999999940395355,100,3,fnv1a32:786d8fad,,,,,,,,14,true
chain,text-list,edit-all,100,legacy,2,4,5.699999988079071,100,3,fnv1a32:bd1d13dd,,,,,,,,15,true
chain,text-list,edit-formula,100,legacy,2,0,6.799999982118607,100,3,fnv1a32:bb89b411,,,,,,,,18,true
chain,text-list,edit-formula,100,legacy,2,1,5.0999999940395355,100,3,fnv1a32:3542eb0d,,,,,,,,19,true
chain,text-list,edit-formula,100,legacy,2,2,7.300000011920929,100,3,fnv1a32:1811b285,,,,,,,,20,true
chain,text-list,edit-formula,100,legacy,2,3,6.300000011920929,100,3,fnv1a32:5d089089,,,,,,,,21,true
chain,text-list,edit-formula,100,legacy,2,4,5.300000011920929,100,3,fnv1a32:6fb83549,,,,,,,,22,true
chain,text-list,initial,100,legacy,3,0,12.5,100,3,fnv1a32:7e3983a5,,,,,,,,1,true
chain,text-list,read,100,legacy,3,0,2.4000000059604645,100,3,fnv1a32:7e3983a5,,,,,,,,1,true
chain,text-list,read,100,legacy,3,1,2.199999988079071,100,3,fnv1a32:7e3983a5,,,,,,,,1,true
chain,text-list,read,100,legacy,3,2,1.9000000059604645,100,3,fnv1a32:7e3983a5,,,,,,,,1,true
chain,text-list,read,100,legacy,3,3,1.9000000059604645,100,3,fnv1a32:7e3983a5,,,,,,,,1,true
chain,text-list,read,100,legacy,3,4,1.9000000059604645,100,3,fnv1a32:7e3983a5,,,,,,,,1,true
chain,text-list,edit-cell,100,legacy,3,0,2.0999999940395355,100,3,fnv1a32:50e0fc4f,,,,,,,,4,true
chain,text-list,edit-cell,100,legacy,3,1,1.9000000059604645,100,3,fnv1a32:2f603cff,,,,,,,,5,true
chain,text-list,edit-cell,100,legacy,3,2,2,100,3,fnv1a32:b3f071f1,,,,,,,,6,true
chain,text-list,edit-cell,100,legacy,3,3,2,100,3,fnv1a32:aa9884bd,,,,,,,,7,true
chain,text-list,edit-cell,100,legacy,3,4,2,100,3,fnv1a32:0b000875,,,,,,,,8,true
chain,text-list,edit-all,100,legacy,3,0,6.799999982118607,100,3,fnv1a32:31024395,,,,,,,,11,true
chain,text-list,edit-all,100,legacy,3,1,6.799999982118607,100,3,fnv1a32:8423dd31,,,,,,,,12,true
chain,text-list,edit-all,100,legacy,3,2,6,100,3,fnv1a32:bf1145b1,,,,,,,,13,true
chain,text-list,edit-all,100,legacy,3,3,5.699999988079071,100,3,fnv1a32:786d8fad,,,,,,,,14,true
chain,text-list,edit-all,100,legacy,3,4,5.799999982118607,100,3,fnv1a32:bd1d13dd,,,,,,,,15,true
chain,text-list,edit-formula,100,legacy,3,0,6.5999999940395355,100,3,fnv1a32:bb89b411,,,,,,,,18,true
chain,text-list,edit-formula,100,legacy,3,1,4.9000000059604645,100,3,fnv1a32:3542eb0d,,,,,,,,19,true
chain,text-list,edit-formula,100,legacy,3,2,7.699999988079071,100,3,fnv1a32:1811b285,,,,,,,,20,true
chain,text-list,edit-formula,100,legacy,3,3,5.199999988079071,100,3,fnv1a32:5d089089,,,,,,,,21,true
chain,text-list,edit-formula,100,legacy,3,4,5.200000017881393,100,3,fnv1a32:6fb83549,,,,,,,,22,true
chain,text-list,initial,100,native,3,0,38.69999998807907,100,3,fnv1a32:7e3983a5,,,,,,,,2,true
chain,text-list,read,100,native,3,0,0,100,3,fnv1a32:7e3983a5,,,,,,,,2,true
chain,text-list,read,100,native,3,1,0.20000001788139343,100,3,fnv1a32:7e3983a5,,,,,,,,2,true
chain,text-list,read,100,native,3,2,0.09999999403953552,100,3,fnv1a32:7e3983a5,,,,,,,,2,true
chain,text-list,read,100,native,3,3,0.09999999403953552,100,3,fnv1a32:7e3983a5,,,,,,,,2,true
chain,text-list,read,100,native,3,4,0.10000002384185791,100,3,fnv1a32:7e3983a5,,,,,,,,2,true
chain,text-list,edit-cell,100,native,3,0,2.5,100,3,fnv1a32:50e0fc4f,,,,,,,,5,true
chain,text-list,edit-cell,100,native,3,1,2.5999999940395355,100,3,fnv1a32:2f603cff,,,,,,,,6,true
chain,text-list,edit-cell,100,native,3,2,2.4000000059604645,100,3,fnv1a32:b3f071f1,,,,,,,,7,true
chain,text-list,edit-cell,100,native,3,3,2.399999976158142,100,3,fnv1a32:aa9884bd,,,,,,,,8,true
chain,text-list,edit-cell,100,native,3,4,1.9000000059604645,100,3,fnv1a32:0b000875,,,,,,,,9,true
chain,text-list,edit-all,100,native,3,0,3.2000000178813934,100,3,fnv1a32:31024395,,,,,,,,309,true
chain,text-list,edit-all,100,native,3,1,3.5999999940395355,100,3,fnv1a32:8423dd31,,,,,,,,409,true
chain,text-list,edit-all,100,native,3,2,3.4000000059604645,100,3,fnv1a32:bf1145b1,,,,,,,,509,true
chain,text-list,edit-all,100,native,3,3,3.2999999821186066,100,3,fnv1a32:786d8fad,,,,,,,,609,true
chain,text-list,edit-all,100,native,3,4,3,100,3,fnv1a32:bd1d13dd,,,,,,,,709,true
chain,text-list,edit-formula,100,native,3,0,5.0999999940395355,100,3,fnv1a32:bb89b411,,,,,,,,712,true
chain,text-list,edit-formula,100,native,3,1,2.800000011920929,100,3,fnv1a32:3542eb0d,,,,,,,,713,true
chain,text-list,edit-formula,100,native,3,2,2.5,100,3,fnv1a32:1811b285,,,,,,,,714,true
chain,text-list,edit-formula,100,native,3,3,6,100,3,fnv1a32:5d089089,,,,,,,,715,true
chain,text-list,edit-formula,100,native,3,4,2.7000000178813934,100,3,fnv1a32:6fb83549,,,,,,,,716,true
chain,text-list,initial,100,native,4,0,37.80000001192093,100,3,fnv1a32:7e3983a5,,,,,,,,2,true
chain,text-list,read,100,native,4,0,0.19999998807907104,100,3,fnv1a32:7e3983a5,,,,,,,,2,true
chain,text-list,read,100,native,4,1,0.19999998807907104,100,3,fnv1a32:7e3983a5,,,,,,,,2,true
chain,text-list,read,100,native,4,2,0.20000001788139343,100,3,fnv1a32:7e3983a5,,,,,,,,2,true
chain,text-list,read,100,native,4,3,0.09999999403953552,100,3,fnv1a32:7e3983a5,,,,,,,,2,true
chain,text-list,read,100,native,4,4,0,100,3,fnv1a32:7e3983a5,,,,,,,,2,true
chain,text-list,edit-cell,100,native,4,0,2.5,100,3,fnv1a32:50e0fc4f,,,,,,,,5,true
chain,text-list,edit-cell,100,native,4,1,2.199999988079071,100,3,fnv1a32:2f603cff,,,,,,,,6,true
chain,text-list,edit-cell,100,native,4,2,2.300000011920929,100,3,fnv1a32:b3f071f1,,,,,,,,7,true
chain,text-list,edit-cell,100,native,4,3,2.300000011920929,100,3,fnv1a32:aa9884bd,,,,,,,,8,true
chain,text-list,edit-cell,100,native,4,4,1.9000000059604645,100,3,fnv1a32:0b000875,,,,,,,,9,true
chain,text-list,edit-all,100,native,4,0,3.199999988079071,100,3,fnv1a32:31024395,,,,,,,,309,true
chain,text-list,edit-all,100,native,4,1,3.199999988079071,100,3,fnv1a32:8423dd31,,,,,,,,409,true
chain,text-list,edit-all,100,native,4,2,3.100000023841858,100,3,fnv1a32:bf1145b1,,,,,,,,509,true
chain,text-list,edit-all,100,native,4,3,2.9000000059604645,100,3,fnv1a32:786d8fad,,,,,,,,609,true
chain,text-list,edit-all,100,native,4,4,2.199999988079071,100,3,fnv1a32:bd1d13dd,,,,,,,,709,true
chain,text-list,edit-formula,100,native,4,0,3.0999999940395355,100,3,fnv1a32:bb89b411,,,,,,,,712,true
chain,text-list,edit-formula,100,native,4,1,3.2000000178813934,100,3,fnv1a32:3542eb0d,,,,,,,,713,true
chain,text-list,edit-formula,100,native,4,2,2.800000011920929,100,3,fnv1a32:1811b285,,,,,,,,714,true
chain,text-list,edit-formula,100,native,4,3,2.7999999821186066,100,3,fnv1a32:5d089089,,,,,,,,715,true
chain,text-list,edit-formula,100,native,4,4,5.100000023841858,100,3,fnv1a32:6fb83549,,,,,,,,716,true
chain,text-list,initial,100,legacy,4,0,10.799999982118607,100,3,fnv1a32:7e3983a5,,,,,,,,1,true
chain,text-list,read,100,legacy,4,0,2.300000011920929,100,3,fnv1a32:7e3983a5,,,,,,,,1,true
chain,text-list,read,100,legacy,4,1,2.0999999940395355,100,3,fnv1a32:7e3983a5,,,,,,,,1,true
chain,text-list,read,100,legacy,4,2,1.9000000059604645,100,3,fnv1a32:7e3983a5,,,,,,,,1,true
chain,text-list,read,100,legacy,4,3,1.9000000059604645,100,3,fnv1a32:7e3983a5,,,,,,,,1,true
chain,text-list,read,100,legacy,4,4,2,100,3,fnv1a32:7e3983a5,,,,,,,,1,true
chain,text-list,edit-cell,100,legacy,4,0,2.0999999940395355,100,3,fnv1a32:50e0fc4f,,,,,,,,4,true
chain,text-list,edit-cell,100,legacy,4,1,1.800000011920929,100,3,fnv1a32:2f603cff,,,,,,,,5,true
chain,text-list,edit-cell,100,legacy,4,2,1.9000000059604645,100,3,fnv1a32:b3f071f1,,,,,,,,6,true
chain,text-list,edit-cell,100,legacy,4,3,2,100,3,fnv1a32:aa9884bd,,,,,,,,7,true
chain,text-list,edit-cell,100,legacy,4,4,2.0999999940395355,100,3,fnv1a32:0b000875,,,,,,,,8,true
chain,text-list,edit-all,100,legacy,4,0,6.9000000059604645,100,3,fnv1a32:31024395,,,,,,,,11,true
chain,text-list,edit-all,100,legacy,4,1,6.9000000059604645,100,3,fnv1a32:8423dd31,,,,,,,,12,true
chain,text-list,edit-all,100,legacy,4,2,6.200000017881393,100,3,fnv1a32:bf1145b1,,,,,,,,13,true
chain,text-list,edit-all,100,legacy,4,3,5.899999976158142,100,3,fnv1a32:786d8fad,,,,,,,,14,true
chain,text-list,edit-all,100,legacy,4,4,5.800000011920929,100,3,fnv1a32:bd1d13dd,,,,,,,,15,true
chain,text-list,edit-formula,100,legacy,4,0,6.799999982118607,100,3,fnv1a32:bb89b411,,,,,,,,18,true
chain,text-list,edit-formula,100,legacy,4,1,5.0999999940395355,100,3,fnv1a32:3542eb0d,,,,,,,,19,true
chain,text-list,edit-formula,100,legacy,4,2,7.100000023841858,100,3,fnv1a32:1811b285,,,,,,,,20,true
chain,text-list,edit-formula,100,legacy,4,3,5.4000000059604645,100,3,fnv1a32:5d089089,,,,,,,,21,true
chain,text-list,edit-formula,100,legacy,4,4,5.5,100,3,fnv1a32:6fb83549,,,,,,,,22,true
chain,text-list,initial,1000,legacy,0,0,67.80000001192093,1000,3,fnv1a32:db7c2b8f,,,,,,,,1,true
chain,text-list,read,1000,legacy,0,0,49.69999998807907,1000,3,fnv1a32:db7c2b8f,,,,,,,,1,true
chain,text-list,read,1000,legacy,0,1,52.099999994039536,1000,3,fnv1a32:db7c2b8f,,,,,,,,1,true
chain,text-list,read,1000,legacy,0,2,50.29999998211861,1000,3,fnv1a32:db7c2b8f,,,,,,,,1,true
chain,text-list,read,1000,legacy,0,3,49.400000005960464,1000,3,fnv1a32:db7c2b8f,,,,,,,,1,true
chain,text-list,read,1000,legacy,0,4,49.30000001192093,1000,3,fnv1a32:db7c2b8f,,,,,,,,1,true
chain,text-list,edit-cell,1000,legacy,0,0,48.30000001192093,1000,3,fnv1a32:02d99e51,,,,,,,,4,true
chain,text-list,edit-cell,1000,legacy,0,1,48.900000005960464,1000,3,fnv1a32:895fc741,,,,,,,,5,true
chain,text-list,edit-cell,1000,legacy,0,2,50.400000005960464,1000,3,fnv1a32:65d523ab,,,,,,,,6,true
chain,text-list,edit-cell,1000,legacy,0,3,50.10000002384186,1000,3,fnv1a32:bcd24887,,,,,,,,7,true
chain,text-list,edit-cell,1000,legacy,0,4,49.29999998211861,1000,3,fnv1a32:b84fc65f,,,,,,,,8,true
chain,text-list,edit-all,1000,legacy,0,0,53.10000002384186,1000,3,fnv1a32:72669ac3,,,,,,,,11,true
chain,text-list,edit-all,1000,legacy,0,1,54.099999994039536,1000,3,fnv1a32:b5052557,,,,,,,,12,true
chain,text-list,edit-all,1000,legacy,0,2,56,1000,3,fnv1a32:03a1fc3f,,,,,,,,13,true
chain,text-list,edit-all,1000,legacy,0,3,57.69999998807907,1000,3,fnv1a32:d81ab283,,,,,,,,14,true
chain,text-list,edit-all,1000,legacy,0,4,52.30000001192093,1000,3,fnv1a32:9cd20a5b,,,,,,,,15,true
chain,text-list,edit-formula,1000,legacy,0,0,47,1000,3,fnv1a32:7c08351b,,,,,,,,18,true
chain,text-list,edit-formula,1000,legacy,0,1,47,1000,3,fnv1a32:8082935b,,,,,,,,19,true
chain,text-list,edit-formula,1000,legacy,0,2,47.400000005960464,1000,3,fnv1a32:7310a2f7,,,,,,,,20,true
chain,text-list,edit-formula,1000,legacy,0,3,47.5,1000,3,fnv1a32:32fe4a5f,,,,,,,,21,true
chain,text-list,edit-formula,1000,legacy,0,4,47.400000005960464,1000,3,fnv1a32:12a1872b,,,,,,,,22,true
chain,text-list,initial,1000,native,0,0,68.69999998807907,1000,3,fnv1a32:db7c2b8f,,,,,,,,2,true
chain,text-list,read,1000,native,0,0,1.0999999940395355,1000,3,fnv1a32:db7c2b8f,,,,,,,,2,true
chain,text-list,read,1000,native,0,1,1.2000000178813934,1000,3,fnv1a32:db7c2b8f,,,,,,,,2,true
chain,text-list,read,1000,native,0,2,1.300000011920929,1000,3,fnv1a32:db7c2b8f,,,,,,,,2,true
chain,text-list,read,1000,native,0,3,1,1000,3,fnv1a32:db7c2b8f,,,,,,,,2,true
chain,text-list,read,1000,native,0,4,0.9000000059604645,1000,3,fnv1a32:db7c2b8f,,,,,,,,2,true
chain,text-list,edit-cell,1000,native,0,0,17.5,1000,3,fnv1a32:02d99e51,,,,,,,,5,true
chain,text-list,edit-cell,1000,native,0,1,15.399999976158142,1000,3,fnv1a32:895fc741,,,,,,,,6,true
chain,text-list,edit-cell,1000,native,0,2,15.100000023841858,1000,3,fnv1a32:65d523ab,,,,,,,,7,true
chain,text-list,edit-cell,1000,native,0,3,14.899999976158142,1000,3,fnv1a32:bcd24887,,,,,,,,8,true
chain,text-list,edit-cell,1000,native,0,4,14.900000005960464,1000,3,fnv1a32:b84fc65f,,,,,,,,9,true
chain,text-list,edit-all,1000,native,0,0,25.899999976158142,1000,3,fnv1a32:72669ac3,,,,,,,,3009,true
chain,text-list,edit-all,1000,native,0,1,22.900000005960464,1000,3,fnv1a32:b5052557,,,,,,,,4009,true
chain,text-list,edit-all,1000,native,0,2,23.19999998807907,1000,3,fnv1a32:03a1fc3f,,,,,,,,5009,true
chain,text-list,edit-all,1000,native,0,3,20.5,1000,3,fnv1a32:d81ab283,,,,,,,,6009,true
chain,text-list,edit-all,1000,native,0,4,20.099999994039536,1000,3,fnv1a32:9cd20a5b,,,,,,,,7009,true
chain,text-list,edit-formula,1000,native,0,0,18.899999976158142,1000,3,fnv1a32:7c08351b,,,,,,,,7012,true
chain,text-list,edit-formula,1000,native,0,1,17,1000,3,fnv1a32:8082935b,,,,,,,,7013,true
chain,text-list,edit-formula,1000,native,0,2,19,1000,3,fnv1a32:7310a2f7,,,,,,,,7014,true
chain,text-list,edit-formula,1000,native,0,3,17.5,1000,3,fnv1a32:32fe4a5f,,,,,,,,7015,true
chain,text-list,edit-formula,1000,native,0,4,16.69999998807907,1000,3,fnv1a32:12a1872b,,,,,,,,7016,true
chain,text-list,initial,1000,native,1,0,66.09999999403954,1000,3,fnv1a32:db7c2b8f,,,,,,,,2,true
chain,text-list,read,1000,native,1,0,1,1000,3,fnv1a32:db7c2b8f,,,,,,,,2,true
chain,text-list,read,1000,native,1,1,0.9000000059604645,1000,3,fnv1a32:db7c2b8f,,,,,,,,2,true
chain,text-list,read,1000,native,1,2,1.7999999821186066,1000,3,fnv1a32:db7c2b8f,,,,,,,,2,true
chain,text-list,read,1000,native,1,3,0.699999988079071,1000,3,fnv1a32:db7c2b8f,,,,,,,,2,true
chain,text-list,read,1000,native,1,4,1,1000,3,fnv1a32:db7c2b8f,,,,,,,,2,true
chain,text-list,edit-cell,1000,native,1,0,17,1000,3,fnv1a32:02d99e51,,,,,,,,5,true
chain,text-list,edit-cell,1000,native,1,1,15.299999982118607,1000,3,fnv1a32:895fc741,,,,,,,,6,true
chain,text-list,edit-cell,1000,native,1,2,15.200000017881393,1000,3,fnv1a32:65d523ab,,,,,,,,7,true
chain,text-list,edit-cell,1000,native,1,3,14.699999988079071,1000,3,fnv1a32:bcd24887,,,,,,,,8,true
chain,text-list,edit-cell,1000,native,1,4,14.599999994039536,1000,3,fnv1a32:b84fc65f,,,,,,,,9,true
chain,text-list,edit-all,1000,native,1,0,24,1000,3,fnv1a32:72669ac3,,,,,,,,3009,true
chain,text-list,edit-all,1000,native,1,1,19.900000005960464,1000,3,fnv1a32:b5052557,,,,,,,,4009,true
chain,text-list,edit-all,1000,native,1,2,19.900000005960464,1000,3,fnv1a32:03a1fc3f,,,,,,,,5009,true
chain,text-list,edit-all,1000,native,1,3,19,1000,3,fnv1a32:d81ab283,,,,,,,,6009,true
chain,text-list,edit-all,1000,native,1,4,19.400000005960464,1000,3,fnv1a32:9cd20a5b,,,,,,,,7009,true
chain,text-list,edit-formula,1000,native,1,0,16.700000017881393,1000,3,fnv1a32:7c08351b,,,,,,,,7012,true
chain,text-list,edit-formula,1000,native,1,1,21.5,1000,3,fnv1a32:8082935b,,,,,,,,7013,true
chain,text-list,edit-formula,1000,native,1,2,17.69999998807907,1000,3,fnv1a32:7310a2f7,,,,,,,,7014,true
chain,text-list,edit-formula,1000,native,1,3,16.099999994039536,1000,3,fnv1a32:32fe4a5f,,,,,,,,7015,true
chain,text-list,edit-formula,1000,native,1,4,16.69999998807907,1000,3,fnv1a32:12a1872b,,,,,,,,7016,true
chain,text-list,initial,1000,legacy,1,0,73.40000000596046,1000,3,fnv1a32:db7c2b8f,,,,,,,,1,true
chain,text-list,read,1000,legacy,1,0,50.89999997615814,1000,3,fnv1a32:db7c2b8f,,,,,,,,1,true
chain,text-list,read,1000,legacy,1,1,56,1000,3,fnv1a32:db7c2b8f,,,,,,,,1,true
chain,text-list,read,1000,legacy,1,2,52.60000002384186,1000,3,fnv1a32:db7c2b8f,,,,,,,,1,true
chain,text-list,read,1000,legacy,1,3,50.900000005960464,1000,3,fnv1a32:db7c2b8f,,,,,,,,1,true
chain,text-list,read,1000,legacy,1,4,49.900000005960464,1000,3,fnv1a32:db7c2b8f,,,,,,,,1,true
chain,text-list,edit-cell,1000,legacy,1,0,51.099999994039536,1000,3,fnv1a32:02d99e51,,,,,,,,4,true
chain,text-list,edit-cell,1000,legacy,1,1,50.599999994039536,1000,3,fnv1a32:895fc741,,,,,,,,5,true
chain,text-list,edit-cell,1000,legacy,1,2,51.30000001192093,1000,3,fnv1a32:65d523ab,,,,,,,,6,true
chain,text-list,edit-cell,1000,legacy,1,3,51.30000001192093,1000,3,fnv1a32:bcd24887,,,,,,,,7,true
chain,text-list,edit-cell,1000,legacy,1,4,51.69999998807907,1000,3,fnv1a32:b84fc65f,,,,,,,,8,true
chain,text-list,edit-all,1000,legacy,1,0,53.10000002384186,1000,3,fnv1a32:72669ac3,,,,,,,,11,true
chain,text-list,edit-all,1000,legacy,1,1,53.89999997615814,1000,3,fnv1a32:b5052557,,,,,,,,12,true
chain,text-list,edit-all,1000,legacy,1,2,53.900000005960464,1000,3,fnv1a32:03a1fc3f,,,,,,,,13,true
chain,text-list,edit-all,1000,legacy,1,3,53.5,1000,3,fnv1a32:d81ab283,,,,,,,,14,true
chain,text-list,edit-all,1000,legacy,1,4,52.79999998211861,1000,3,fnv1a32:9cd20a5b,,,,,,,,15,true
chain,text-list,edit-formula,1000,legacy,1,0,47.70000001788139,1000,3,fnv1a32:7c08351b,,,,,,,,18,true
chain,text-list,edit-formula,1000,legacy,1,1,47.400000005960464,1000,3,fnv1a32:8082935b,,,,,,,,19,true
chain,text-list,edit-formula,1000,legacy,1,2,47.69999998807907,1000,3,fnv1a32:7310a2f7,,,,,,,,20,true
chain,text-list,edit-formula,1000,legacy,1,3,48,1000,3,fnv1a32:32fe4a5f,,,,,,,,21,true
chain,text-list,edit-formula,1000,legacy,1,4,47.80000001192093,1000,3,fnv1a32:12a1872b,,,,,,,,22,true
chain,text-list,initial,1000,legacy,2,0,72.40000000596046,1000,3,fnv1a32:db7c2b8f,,,,,,,,1,true
chain,text-list,read,1000,legacy,2,0,52.099999994039536,1000,3,fnv1a32:db7c2b8f,,,,,,,,1,true
chain,text-list,read,1000,legacy,2,1,57.80000001192093,1000,3,fnv1a32:db7c2b8f,,,,,,,,1,true
chain,text-list,read,1000,legacy,2,2,53.19999998807907,1000,3,fnv1a32:db7c2b8f,,,,,,,,1,true
chain,text-list,read,1000,legacy,2,3,51,1000,3,fnv1a32:db7c2b8f,,,,,,,,1,true
chain,text-list,read,1000,legacy,2,4,50.599999994039536,1000,3,fnv1a32:db7c2b8f,,,,,,,,1,true
chain,text-list,edit-cell,1000,legacy,2,0,50.900000005960464,1000,3,fnv1a32:02d99e51,,,,,,,,4,true
chain,text-list,edit-cell,1000,legacy,2,1,50.70000001788139,1000,3,fnv1a32:895fc741,,,,,,,,5,true
chain,text-list,edit-cell,1000,legacy,2,2,51.80000001192093,1000,3,fnv1a32:65d523ab,,,,,,,,6,true
chain,text-list,edit-cell,1000,legacy,2,3,52.5,1000,3,fnv1a32:bcd24887,,,,,,,,7,true
chain,text-list,edit-cell,1000,legacy,2,4,51,1000,3,fnv1a32:b84fc65f,,,,,,,,8,true
chain,text-list,edit-all,1000,legacy,2,0,54.400000005960464,1000,3,fnv1a32:72669ac3,,,,,,,,11,true
chain,text-list,edit-all,1000,legacy,2,1,55.60000002384186,1000,3,fnv1a32:b5052557,,,,,,,,12,true
chain,text-list,edit-all,1000,legacy,2,2,56.20000001788139,1000,3,fnv1a32:03a1fc3f,,,,,,,,13,true
chain,text-list,edit-all,1000,legacy,2,3,54.60000002384186,1000,3,fnv1a32:d81ab283,,,,,,,,14,true
chain,text-list,edit-all,1000,legacy,2,4,54.80000001192093,1000,3,fnv1a32:9cd20a5b,,,,,,,,15,true
chain,text-list,edit-formula,1000,legacy,2,0,50.599999994039536,1000,3,fnv1a32:7c08351b,,,,,,,,18,true
chain,text-list,edit-formula,1000,legacy,2,1,53.5,1000,3,fnv1a32:8082935b,,,,,,,,19,true
chain,text-list,edit-formula,1000,legacy,2,2,49.79999998211861,1000,3,fnv1a32:7310a2f7,,,,,,,,20,true
chain,text-list,edit-formula,1000,legacy,2,3,50.80000001192093,1000,3,fnv1a32:32fe4a5f,,,,,,,,21,true
chain,text-list,edit-formula,1000,legacy,2,4,50.80000001192093,1000,3,fnv1a32:12a1872b,,,,,,,,22,true
chain,text-list,initial,1000,native,2,0,68.09999999403954,1000,3,fnv1a32:db7c2b8f,,,,,,,,2,true
chain,text-list,read,1000,native,2,0,1,1000,3,fnv1a32:db7c2b8f,,,,,,,,2,true
chain,text-list,read,1000,native,2,1,0.9000000059604645,1000,3,fnv1a32:db7c2b8f,,,,,,,,2,true
chain,text-list,read,1000,native,2,2,1.100000023841858,1000,3,fnv1a32:db7c2b8f,,,,,,,,2,true
chain,text-list,read,1000,native,2,3,0.699999988079071,1000,3,fnv1a32:db7c2b8f,,,,,,,,2,true
chain,text-list,read,1000,native,2,4,0.7999999821186066,1000,3,fnv1a32:db7c2b8f,,,,,,,,2,true
chain,text-list,edit-cell,1000,native,2,0,17.599999994039536,1000,3,fnv1a32:02d99e51,,,,,,,,5,true
chain,text-list,edit-cell,1000,native,2,1,15.599999994039536,1000,3,fnv1a32:895fc741,,,,,,,,6,true
chain,text-list,edit-cell,1000,native,2,2,15,1000,3,fnv1a32:65d523ab,,,,,,,,7,true
chain,text-list,edit-cell,1000,native,2,3,14.700000017881393,1000,3,fnv1a32:bcd24887,,,,,,,,8,true
chain,text-list,edit-cell,1000,native,2,4,14.899999976158142,1000,3,fnv1a32:b84fc65f,,,,,,,,9,true
chain,text-list,edit-all,1000,native,2,0,24.400000005960464,1000,3,fnv1a32:72669ac3,,,,,,,,3009,true
chain,text-list,edit-all,1000,native,2,1,20.099999994039536,1000,3,fnv1a32:b5052557,,,,,,,,4009,true
chain,text-list,edit-all,1000,native,2,2,21.30000001192093,1000,3,fnv1a32:03a1fc3f,,,,,,,,5009,true
chain,text-list,edit-all,1000,native,2,3,19.899999976158142,1000,3,fnv1a32:d81ab283,,,,,,,,6009,true
chain,text-list,edit-all,1000,native,2,4,20.100000023841858,1000,3,fnv1a32:9cd20a5b,,,,,,,,7009,true
chain,text-list,edit-formula,1000,native,2,0,17.5,1000,3,fnv1a32:7c08351b,,,,,,,,7012,true
chain,text-list,edit-formula,1000,native,2,1,21.200000017881393,1000,3,fnv1a32:8082935b,,,,,,,,7013,true
chain,text-list,edit-formula,1000,native,2,2,16.5,1000,3,fnv1a32:7310a2f7,,,,,,,,7014,true
chain,text-list,edit-formula,1000,native,2,3,16.30000001192093,1000,3,fnv1a32:32fe4a5f,,,,,,,,7015,true
chain,text-list,edit-formula,1000,native,2,4,16.900000005960464,1000,3,fnv1a32:12a1872b,,,,,,,,7016,true
chain,text-list,initial,1000,native,3,0,67.2999999821186,1000,3,fnv1a32:db7c2b8f,,,,,,,,2,true
chain,text-list,read,1000,native,3,0,1,1000,3,fnv1a32:db7c2b8f,,,,,,,,2,true
chain,text-list,read,1000,native,3,1,1,1000,3,fnv1a32:db7c2b8f,,,,,,,,2,true
chain,text-list,read,1000,native,3,2,1.5,1000,3,fnv1a32:db7c2b8f,,,,,,,,2,true
chain,text-list,read,1000,native,3,3,0.8999999761581421,1000,3,fnv1a32:db7c2b8f,,,,,,,,2,true
chain,text-list,read,1000,native,3,4,1,1000,3,fnv1a32:db7c2b8f,,,,,,,,2,true
chain,text-list,edit-cell,1000,native,3,0,17.80000001192093,1000,3,fnv1a32:02d99e51,,,,,,,,5,true
chain,text-list,edit-cell,1000,native,3,1,15.5,1000,3,fnv1a32:895fc741,,,,,,,,6,true
chain,text-list,edit-cell,1000,native,3,2,14.800000011920929,1000,3,fnv1a32:65d523ab,,,,,,,,7,true
chain,text-list,edit-cell,1000,native,3,3,14.599999994039536,1000,3,fnv1a32:bcd24887,,,,,,,,8,true
chain,text-list,edit-cell,1000,native,3,4,14.400000005960464,1000,3,fnv1a32:b84fc65f,,,,,,,,9,true
chain,text-list,edit-all,1000,native,3,0,22.899999976158142,1000,3,fnv1a32:72669ac3,,,,,,,,3009,true
chain,text-list,edit-all,1000,native,3,1,20.30000001192093,1000,3,fnv1a32:b5052557,,,,,,,,4009,true
chain,text-list,edit-all,1000,native,3,2,20.600000023841858,1000,3,fnv1a32:03a1fc3f,,,,,,,,5009,true
chain,text-list,edit-all,1000,native,3,3,19.900000005960464,1000,3,fnv1a32:d81ab283,,,,,,,,6009,true
chain,text-list,edit-all,1000,native,3,4,19.799999982118607,1000,3,fnv1a32:9cd20a5b,,,,,,,,7009,true
chain,text-list,edit-formula,1000,native,3,0,17.100000023841858,1000,3,fnv1a32:7c08351b,,,,,,,,7012,true
chain,text-list,edit-formula,1000,native,3,1,21.5,1000,3,fnv1a32:8082935b,,,,,,,,7013,true
chain,text-list,edit-formula,1000,native,3,2,16,1000,3,fnv1a32:7310a2f7,,,,,,,,7014,true
chain,text-list,edit-formula,1000,native,3,3,16.5,1000,3,fnv1a32:32fe4a5f,,,,,,,,7015,true
chain,text-list,edit-formula,1000,native,3,4,18.099999994039536,1000,3,fnv1a32:12a1872b,,,,,,,,7016,true
chain,text-list,initial,1000,legacy,3,0,69.80000001192093,1000,3,fnv1a32:db7c2b8f,,,,,,,,1,true
chain,text-list,read,1000,legacy,3,0,51,1000,3,fnv1a32:db7c2b8f,,,,,,,,1,true
chain,text-list,read,1000,legacy,3,1,53.29999998211861,1000,3,fnv1a32:db7c2b8f,,,,,,,,1,true
chain,text-list,read,1000,legacy,3,2,51.400000005960464,1000,3,fnv1a32:db7c2b8f,,,,,,,,1,true
chain,text-list,read,1000,legacy,3,3,48.70000001788139,1000,3,fnv1a32:db7c2b8f,,,,,,,,1,true
chain,text-list,read,1000,legacy,3,4,49.29999998211861,1000,3,fnv1a32:db7c2b8f,,,,,,,,1,true
chain,text-list,edit-cell,1000,legacy,3,0,49,1000,3,fnv1a32:02d99e51,,,,,,,,4,true
chain,text-list,edit-cell,1000,legacy,3,1,48.900000005960464,1000,3,fnv1a32:895fc741,,,,,,,,5,true
chain,text-list,edit-cell,1000,legacy,3,2,48.70000001788139,1000,3,fnv1a32:65d523ab,,,,,,,,6,true
chain,text-list,edit-cell,1000,legacy,3,3,48.599999994039536,1000,3,fnv1a32:bcd24887,,,,,,,,7,true
chain,text-list,edit-cell,1000,legacy,3,4,49.099999994039536,1000,3,fnv1a32:b84fc65f,,,,,,,,8,true
chain,text-list,edit-all,1000,legacy,3,0,52.099999994039536,1000,3,fnv1a32:72669ac3,,,,,,,,11,true
chain,text-list,edit-all,1000,legacy,3,1,53.900000005960464,1000,3,fnv1a32:b5052557,,,,,,,,12,true
chain,text-list,edit-all,1000,legacy,3,2,53.5,1000,3,fnv1a32:03a1fc3f,,,,,,,,13,true
chain,text-list,edit-all,1000,legacy,3,3,52.20000001788139,1000,3,fnv1a32:d81ab283,,,,,,,,14,true
chain,text-list,edit-all,1000,legacy,3,4,52.599999994039536,1000,3,fnv1a32:9cd20a5b,,,,,,,,15,true
chain,text-list,edit-formula,1000,legacy,3,0,47.19999998807907,1000,3,fnv1a32:7c08351b,,,,,,,,18,true
chain,text-list,edit-formula,1000,legacy,3,1,47.10000002384186,1000,3,fnv1a32:8082935b,,,,,,,,19,true
chain,text-list,edit-formula,1000,legacy,3,2,47.5,1000,3,fnv1a32:7310a2f7,,,,,,,,20,true
chain,text-list,edit-formula,1000,legacy,3,3,48,1000,3,fnv1a32:32fe4a5f,,,,,,,,21,true
chain,text-list,edit-formula,1000,legacy,3,4,47.80000001192093,1000,3,fnv1a32:12a1872b,,,,,,,,22,true
chain,text-list,initial,1000,legacy,4,0,69.80000001192093,1000,3,fnv1a32:db7c2b8f,,,,,,,,1,true
chain,text-list,read,1000,legacy,4,0,49.29999998211861,1000,3,fnv1a32:db7c2b8f,,,,,,,,1,true
chain,text-list,read,1000,legacy,4,1,52.80000001192093,1000,3,fnv1a32:db7c2b8f,,,,,,,,1,true
chain,text-list,read,1000,legacy,4,2,50.599999994039536,1000,3,fnv1a32:db7c2b8f,,,,,,,,1,true
chain,text-list,read,1000,legacy,4,3,48.599999994039536,1000,3,fnv1a32:db7c2b8f,,,,,,,,1,true
chain,text-list,read,1000,legacy,4,4,49.29999998211861,1000,3,fnv1a32:db7c2b8f,,,,,,,,1,true
chain,text-list,edit-cell,1000,legacy,4,0,49,1000,3,fnv1a32:02d99e51,,,,,,,,4,true
chain,text-list,edit-cell,1000,legacy,4,1,48.70000001788139,1000,3,fnv1a32:895fc741,,,,,,,,5,true
chain,text-list,edit-cell,1000,legacy,4,2,48.80000001192093,1000,3,fnv1a32:65d523ab,,,,,,,,6,true
chain,text-list,edit-cell,1000,legacy,4,3,51.39999997615814,1000,3,fnv1a32:bcd24887,,,,,,,,7,true
chain,text-list,edit-cell,1000,legacy,4,4,50.20000001788139,1000,3,fnv1a32:b84fc65f,,,,,,,,8,true
chain,text-list,edit-all,1000,legacy,4,0,56.900000005960464,1000,3,fnv1a32:72669ac3,,,,,,,,11,true
chain,text-list,edit-all,1000,legacy,4,1,55.400000005960464,1000,3,fnv1a32:b5052557,,,,,,,,12,true
chain,text-list,edit-all,1000,legacy,4,2,54.099999994039536,1000,3,fnv1a32:03a1fc3f,,,,,,,,13,true
chain,text-list,edit-all,1000,legacy,4,3,52.599999994039536,1000,3,fnv1a32:d81ab283,,,,,,,,14,true
chain,text-list,edit-all,1000,legacy,4,4,53,1000,3,fnv1a32:9cd20a5b,,,,,,,,15,true
chain,text-list,edit-formula,1000,legacy,4,0,47.79999998211861,1000,3,fnv1a32:7c08351b,,,,,,,,18,true
chain,text-list,edit-formula,1000,legacy,4,1,47.5,1000,3,fnv1a32:8082935b,,,,,,,,19,true
chain,text-list,edit-formula,1000,legacy,4,2,47.400000005960464,1000,3,fnv1a32:7310a2f7,,,,,,,,20,true
chain,text-list,edit-formula,1000,legacy,4,3,48.80000001192093,1000,3,fnv1a32:32fe4a5f,,,,,,,,21,true
chain,text-list,edit-formula,1000,legacy,4,4,47.60000002384186,1000,3,fnv1a32:12a1872b,,,,,,,,22,true
chain,text-list,initial,1000,native,4,0,66,1000,3,fnv1a32:db7c2b8f,,,,,,,,2,true
chain,text-list,read,1000,native,4,0,1.2000000178813934,1000,3,fnv1a32:db7c2b8f,,,,,,,,2,true
chain,text-list,read,1000,native,4,1,1.2000000178813934,1000,3,fnv1a32:db7c2b8f,,,,,,,,2,true
chain,text-list,read,1000,native,4,2,1.2000000178813934,1000,3,fnv1a32:db7c2b8f,,,,,,,,2,true
chain,text-list,read,1000,native,4,3,1,1000,3,fnv1a32:db7c2b8f,,,,,,,,2,true
chain,text-list,read,1000,native,4,4,0.9000000059604645,1000,3,fnv1a32:db7c2b8f,,,,,,,,2,true
chain,text-list,edit-cell,1000,native,4,0,17.200000017881393,1000,3,fnv1a32:02d99e51,,,,,,,,5,true
chain,text-list,edit-cell,1000,native,4,1,15.400000005960464,1000,3,fnv1a32:895fc741,,,,,,,,6,true
chain,text-list,edit-cell,1000,native,4,2,14.600000023841858,1000,3,fnv1a32:65d523ab,,,,,,,,7,true
chain,text-list,edit-cell,1000,native,4,3,14.700000017881393,1000,3,fnv1a32:bcd24887,,,,,,,,8,true
chain,text-list,edit-cell,1000,native,4,4,14.799999982118607,1000,3,fnv1a32:b84fc65f,,,,,,,,9,true
chain,text-list,edit-all,1000,native,4,0,21.5,1000,3,fnv1a32:72669ac3,,,,,,,,3009,true
chain,text-list,edit-all,1000,native,4,1,19.80000001192093,1000,3,fnv1a32:b5052557,,,,,,,,4009,true
chain,text-list,edit-all,1000,native,4,2,20.400000005960464,1000,3,fnv1a32:03a1fc3f,,,,,,,,5009,true
chain,text-list,edit-all,1000,native,4,3,19.69999998807907,1000,3,fnv1a32:d81ab283,,,,,,,,6009,true
chain,text-list,edit-all,1000,native,4,4,21.299999982118607,1000,3,fnv1a32:9cd20a5b,,,,,,,,7009,true
chain,text-list,edit-formula,1000,native,4,0,18.099999994039536,1000,3,fnv1a32:7c08351b,,,,,,,,7012,true
chain,text-list,edit-formula,1000,native,4,1,19.599999994039536,1000,3,fnv1a32:8082935b,,,,,,,,7013,true
chain,text-list,edit-formula,1000,native,4,2,16.400000005960464,1000,3,fnv1a32:7310a2f7,,,,,,,,7014,true
chain,text-list,edit-formula,1000,native,4,3,17.30000001192093,1000,3,fnv1a32:32fe4a5f,,,,,,,,7015,true
chain,text-list,edit-formula,1000,native,4,4,17.599999994039536,1000,3,fnv1a32:12a1872b,,,,,,,,7016,true
chain,text-list,initial,10000,native,0,0,259.5,10000,3,fnv1a32:29709e09,,,,,,,,2,true
chain,text-list,read,10000,native,0,0,11.800000011920929,10000,3,fnv1a32:29709e09,,,,,,,,2,true
chain,text-list,read,10000,native,0,1,8.5,10000,3,fnv1a32:29709e09,,,,,,,,2,true
chain,text-list,read,10000,native,0,2,9.300000011920929,10000,3,fnv1a32:29709e09,,,,,,,,2,true
chain,text-list,read,10000,native,0,3,8.299999982118607,10000,3,fnv1a32:29709e09,,,,,,,,2,true
chain,text-list,read,10000,native,0,4,8.400000005960464,10000,3,fnv1a32:29709e09,,,,,,,,2,true
chain,text-list,edit-cell,10000,native,0,0,150.19999998807907,10000,3,fnv1a32:6eb8cee3,,,,,,,,5,true
chain,text-list,edit-cell,10000,native,0,1,142.7999999821186,10000,3,fnv1a32:091bd093,,,,,,,,6,true
chain,text-list,edit-cell,10000,native,0,2,139.59999999403954,10000,3,fnv1a32:7d158c05,,,,,,,,7,true
chain,text-list,edit-cell,10000,native,0,3,153.30000001192093,10000,3,fnv1a32:a6e0f5c1,,,,,,,,8,true
chain,text-list,edit-cell,10000,native,0,4,138.40000000596046,10000,3,fnv1a32:406c1f19,,,,,,,,9,true
chain,text-list,edit-all,10000,native,0,0,220.5,10000,3,fnv1a32:ada371a1,,,,,,,,30009,true
chain,text-list,edit-all,10000,native,0,1,222.59999999403954,10000,3,fnv1a32:1b133c0d,,,,,,,,40009,true
chain,text-list,edit-all,10000,native,0,2,241.10000002384186,10000,3,fnv1a32:93a76d1d,,,,,,,,50009,true
chain,text-list,edit-all,10000,native,0,3,236.7000000178814,10000,3,fnv1a32:cca13ef9,,,,,,,,60009,true
chain,text-list,edit-all,10000,native,0,4,222.40000000596046,10000,3,fnv1a32:3c3a3ac9,,,,,,,,70009,true
chain,text-list,edit-formula,10000,native,0,0,152.10000002384186,10000,3,fnv1a32:2e4a6855,,,,,,,,70012,true
chain,text-list,edit-formula,10000,native,0,1,152.09999999403954,10000,3,fnv1a32:aef75559,,,,,,,,70013,true
chain,text-list,edit-formula,10000,native,0,2,148.90000000596046,10000,3,fnv1a32:592d8c4d,,,,,,,,70014,true
chain,text-list,edit-formula,10000,native,0,3,155,10000,3,fnv1a32:2647bf61,,,,,,,,70015,true
chain,text-list,edit-formula,10000,native,0,4,151.60000002384186,10000,3,fnv1a32:c89a79c5,,,,,,,,70016,true
chain,text-list,initial,10000,legacy,0,0,531.2000000178814,10000,3,fnv1a32:29709e09,,,,,,,,1,true
chain,text-list,read,10000,legacy,0,0,489.90000000596046,10000,3,fnv1a32:29709e09,,,,,,,,1,true
chain,text-list,read,10000,legacy,0,1,490,10000,3,fnv1a32:29709e09,,,,,,,,1,true
chain,text-list,read,10000,legacy,0,2,517.7999999821186,10000,3,fnv1a32:29709e09,,,,,,,,1,true
chain,text-list,read,10000,legacy,0,3,485.7000000178814,10000,3,fnv1a32:29709e09,,,,,,,,1,true
chain,text-list,read,10000,legacy,0,4,484.5,10000,3,fnv1a32:29709e09,,,,,,,,1,true
chain,text-list,edit-cell,10000,legacy,0,0,487.09999999403954,10000,3,fnv1a32:6eb8cee3,,,,,,,,4,true
chain,text-list,edit-cell,10000,legacy,0,1,479,10000,3,fnv1a32:091bd093,,,,,,,,5,true
chain,text-list,edit-cell,10000,legacy,0,2,478.40000000596046,10000,3,fnv1a32:7d158c05,,,,,,,,6,true
chain,text-list,edit-cell,10000,legacy,0,3,481.69999998807907,10000,3,fnv1a32:a6e0f5c1,,,,,,,,7,true
chain,text-list,edit-cell,10000,legacy,0,4,481.10000002384186,10000,3,fnv1a32:406c1f19,,,,,,,,8,true
chain,text-list,edit-all,10000,legacy,0,0,542.0999999940395,10000,3,fnv1a32:ada371a1,,,,,,,,11,true
chain,text-list,edit-all,10000,legacy,0,1,532.4000000059605,10000,3,fnv1a32:1b133c0d,,,,,,,,12,true
chain,text-list,edit-all,10000,legacy,0,2,549.5,10000,3,fnv1a32:93a76d1d,,,,,,,,13,true
chain,text-list,edit-all,10000,legacy,0,3,529.6999999880791,10000,3,fnv1a32:cca13ef9,,,,,,,,14,true
chain,text-list,edit-all,10000,legacy,0,4,552.8000000119209,10000,3,fnv1a32:3c3a3ac9,,,,,,,,15,true
chain,text-list,edit-formula,10000,legacy,0,0,490.69999998807907,10000,3,fnv1a32:2e4a6855,,,,,,,,18,true
chain,text-list,edit-formula,10000,legacy,0,1,475.40000000596046,10000,3,fnv1a32:aef75559,,,,,,,,19,true
chain,text-list,edit-formula,10000,legacy,0,2,492.7999999821186,10000,3,fnv1a32:592d8c4d,,,,,,,,20,true
chain,text-list,edit-formula,10000,legacy,0,3,478.09999999403954,10000,3,fnv1a32:2647bf61,,,,,,,,21,true
chain,text-list,edit-formula,10000,legacy,0,4,484.89999997615814,10000,3,fnv1a32:c89a79c5,,,,,,,,22,true
chain,text-list,initial,10000,legacy,1,0,532.5,10000,3,fnv1a32:29709e09,,,,,,,,1,true
chain,text-list,read,10000,legacy,1,0,496.09999999403954,10000,3,fnv1a32:29709e09,,,,,,,,1,true
chain,text-list,read,10000,legacy,1,1,488,10000,3,fnv1a32:29709e09,,,,,,,,1,true
chain,text-list,read,10000,legacy,1,2,507.09999999403954,10000,3,fnv1a32:29709e09,,,,,,,,1,true
chain,text-list,read,10000,legacy,1,3,499.90000000596046,10000,3,fnv1a32:29709e09,,,,,,,,1,true
chain,text-list,read,10000,legacy,1,4,487.59999999403954,10000,3,fnv1a32:29709e09,,,,,,,,1,true
chain,text-list,edit-cell,10000,legacy,1,0,488.59999999403954,10000,3,fnv1a32:6eb8cee3,,,,,,,,4,true
chain,text-list,edit-cell,10000,legacy,1,1,497.30000001192093,10000,3,fnv1a32:091bd093,,,,,,,,5,true
chain,text-list,edit-cell,10000,legacy,1,2,508.80000001192093,10000,3,fnv1a32:7d158c05,,,,,,,,6,true
chain,text-list,edit-cell,10000,legacy,1,3,503.59999999403954,10000,3,fnv1a32:a6e0f5c1,,,,,,,,7,true
chain,text-list,edit-cell,10000,legacy,1,4,501.40000000596046,10000,3,fnv1a32:406c1f19,,,,,,,,8,true
chain,text-list,edit-all,10000,legacy,1,0,545.5,10000,3,fnv1a32:ada371a1,,,,,,,,11,true
chain,text-list,edit-all,10000,legacy,1,1,532.9000000059605,10000,3,fnv1a32:1b133c0d,,,,,,,,12,true
chain,text-list,edit-all,10000,legacy,1,2,533,10000,3,fnv1a32:93a76d1d,,,,,,,,13,true
chain,text-list,edit-all,10000,legacy,1,3,533.1999999880791,10000,3,fnv1a32:cca13ef9,,,,,,,,14,true
chain,text-list,edit-all,10000,legacy,1,4,539.5999999940395,10000,3,fnv1a32:3c3a3ac9,,,,,,,,15,true
chain,text-list,edit-formula,10000,legacy,1,0,483.30000001192093,10000,3,fnv1a32:2e4a6855,,,,,,,,18,true
chain,text-list,edit-formula,10000,legacy,1,1,473.59999999403954,10000,3,fnv1a32:aef75559,,,,,,,,19,true
chain,text-list,edit-formula,10000,legacy,1,2,483.2000000178814,10000,3,fnv1a32:592d8c4d,,,,,,,,20,true
chain,text-list,edit-formula,10000,legacy,1,3,478.5,10000,3,fnv1a32:2647bf61,,,,,,,,21,true
chain,text-list,edit-formula,10000,legacy,1,4,517.7000000178814,10000,3,fnv1a32:c89a79c5,,,,,,,,22,true
chain,text-list,initial,10000,native,1,0,255.2000000178814,10000,3,fnv1a32:29709e09,,,,,,,,2,true
chain,text-list,read,10000,native,1,0,8.900000005960464,10000,3,fnv1a32:29709e09,,,,,,,,2,true
chain,text-list,read,10000,native,1,1,8.400000005960464,10000,3,fnv1a32:29709e09,,,,,,,,2,true
chain,text-list,read,10000,native,1,2,8,10000,3,fnv1a32:29709e09,,,,,,,,2,true
chain,text-list,read,10000,native,1,3,8.099999994039536,10000,3,fnv1a32:29709e09,,,,,,,,2,true
chain,text-list,read,10000,native,1,4,9.099999994039536,10000,3,fnv1a32:29709e09,,,,,,,,2,true
chain,text-list,edit-cell,10000,native,1,0,143.10000002384186,10000,3,fnv1a32:6eb8cee3,,,,,,,,5,true
chain,text-list,edit-cell,10000,native,1,1,139.40000000596046,10000,3,fnv1a32:091bd093,,,,,,,,6,true
chain,text-list,edit-cell,10000,native,1,2,143.19999998807907,10000,3,fnv1a32:7d158c05,,,,,,,,7,true
chain,text-list,edit-cell,10000,native,1,3,153.5,10000,3,fnv1a32:a6e0f5c1,,,,,,,,8,true
chain,text-list,edit-cell,10000,native,1,4,147.90000000596046,10000,3,fnv1a32:406c1f19,,,,,,,,9,true
chain,text-list,edit-all,10000,native,1,0,219.40000000596046,10000,3,fnv1a32:ada371a1,,,,,,,,30009,true
chain,text-list,edit-all,10000,native,1,1,220.80000001192093,10000,3,fnv1a32:1b133c0d,,,,,,,,40009,true
chain,text-list,edit-all,10000,native,1,2,230.19999998807907,10000,3,fnv1a32:93a76d1d,,,,,,,,50009,true
chain,text-list,edit-all,10000,native,1,3,220.7000000178814,10000,3,fnv1a32:cca13ef9,,,,,,,,60009,true
chain,text-list,edit-all,10000,native,1,4,218.7000000178814,10000,3,fnv1a32:3c3a3ac9,,,,,,,,70009,true
chain,text-list,edit-formula,10000,native,1,0,199.19999998807907,10000,3,fnv1a32:2e4a6855,,,,,,,,70012,true
chain,text-list,edit-formula,10000,native,1,1,185.90000000596046,10000,3,fnv1a32:aef75559,,,,,,,,70013,true
chain,text-list,edit-formula,10000,native,1,2,161.2999999821186,10000,3,fnv1a32:592d8c4d,,,,,,,,70014,true
chain,text-list,edit-formula,10000,native,1,3,171.80000001192093,10000,3,fnv1a32:2647bf61,,,,,,,,70015,true
chain,text-list,edit-formula,10000,native,1,4,181,10000,3,fnv1a32:c89a79c5,,,,,,,,70016,true
chain,text-list,initial,10000,native,2,0,261,10000,3,fnv1a32:29709e09,,,,,,,,2,true
chain,text-list,read,10000,native,2,0,10.200000017881393,10000,3,fnv1a32:29709e09,,,,,,,,2,true
chain,text-list,read,10000,native,2,1,9.400000005960464,10000,3,fnv1a32:29709e09,,,,,,,,2,true
chain,text-list,read,10000,native,2,2,9,10000,3,fnv1a32:29709e09,,,,,,,,2,true
chain,text-list,read,10000,native,2,3,8.900000005960464,10000,3,fnv1a32:29709e09,,,,,,,,2,true
chain,text-list,read,10000,native,2,4,10.300000011920929,10000,3,fnv1a32:29709e09,,,,,,,,2,true
chain,text-list,edit-cell,10000,native,2,0,147.80000001192093,10000,3,fnv1a32:6eb8cee3,,,,,,,,5,true
chain,text-list,edit-cell,10000,native,2,1,144.19999998807907,10000,3,fnv1a32:091bd093,,,,,,,,6,true
chain,text-list,edit-cell,10000,native,2,2,139.80000001192093,10000,3,fnv1a32:7d158c05,,,,,,,,7,true
chain,text-list,edit-cell,10000,native,2,3,149,10000,3,fnv1a32:a6e0f5c1,,,,,,,,8,true
chain,text-list,edit-cell,10000,native,2,4,145.19999998807907,10000,3,fnv1a32:406c1f19,,,,,,,,9,true
chain,text-list,edit-all,10000,native,2,0,227.10000002384186,10000,3,fnv1a32:ada371a1,,,,,,,,30009,true
chain,text-list,edit-all,10000,native,2,1,244.7999999821186,10000,3,fnv1a32:1b133c0d,,,,,,,,40009,true
chain,text-list,edit-all,10000,native,2,2,232.2000000178814,10000,3,fnv1a32:93a76d1d,,,,,,,,50009,true
chain,text-list,edit-all,10000,native,2,3,234.09999999403954,10000,3,fnv1a32:cca13ef9,,,,,,,,60009,true
chain,text-list,edit-all,10000,native,2,4,235.09999999403954,10000,3,fnv1a32:3c3a3ac9,,,,,,,,70009,true
chain,text-list,edit-formula,10000,native,2,0,163.2000000178814,10000,3,fnv1a32:2e4a6855,,,,,,,,70012,true
chain,text-list,edit-formula,10000,native,2,1,162.19999998807907,10000,3,fnv1a32:aef75559,,,,,,,,70013,true
chain,text-list,edit-formula,10000,native,2,2,162,10000,3,fnv1a32:592d8c4d,,,,,,,,70014,true
chain,text-list,edit-formula,10000,native,2,3,164.30000001192093,10000,3,fnv1a32:2647bf61,,,,,,,,70015,true
chain,text-list,edit-formula,10000,native,2,4,160.30000001192093,10000,3,fnv1a32:c89a79c5,,,,,,,,70016,true
chain,text-list,initial,10000,legacy,2,0,530.5,10000,3,fnv1a32:29709e09,,,,,,,,1,true
chain,text-list,read,10000,legacy,2,0,493.59999999403954,10000,3,fnv1a32:29709e09,,,,,,,,1,true
chain,text-list,read,10000,legacy,2,1,503.5,10000,3,fnv1a32:29709e09,,,,,,,,1,true
chain,text-list,read,10000,legacy,2,2,494.59999999403954,10000,3,fnv1a32:29709e09,,,,,,,,1,true
chain,text-list,read,10000,legacy,2,3,517.8000000119209,10000,3,fnv1a32:29709e09,,,,,,,,1,true
chain,text-list,read,10000,legacy,2,4,509.80000001192093,10000,3,fnv1a32:29709e09,,,,,,,,1,true
chain,text-list,edit-cell,10000,legacy,2,0,493.40000000596046,10000,3,fnv1a32:6eb8cee3,,,,,,,,4,true
chain,text-list,edit-cell,10000,legacy,2,1,512.9000000059605,10000,3,fnv1a32:091bd093,,,,,,,,5,true
chain,text-list,edit-cell,10000,legacy,2,2,491.69999998807907,10000,3,fnv1a32:7d158c05,,,,,,,,6,true
chain,text-list,edit-cell,10000,legacy,2,3,486.2999999821186,10000,3,fnv1a32:a6e0f5c1,,,,,,,,7,true
chain,text-list,edit-cell,10000,legacy,2,4,491.90000000596046,10000,3,fnv1a32:406c1f19,,,,,,,,8,true
chain,text-list,edit-all,10000,legacy,2,0,554.7999999821186,10000,3,fnv1a32:ada371a1,,,,,,,,11,true
chain,text-list,edit-all,10000,legacy,2,1,542,10000,3,fnv1a32:1b133c0d,,,,,,,,12,true
chain,text-list,edit-all,10000,legacy,2,2,550.1999999880791,10000,3,fnv1a32:93a76d1d,,,,,,,,13,true
chain,text-list,edit-all,10000,legacy,2,3,539.5,10000,3,fnv1a32:cca13ef9,,,,,,,,14,true
chain,text-list,edit-all,10000,legacy,2,4,570,10000,3,fnv1a32:3c3a3ac9,,,,,,,,15,true
chain,text-list,edit-formula,10000,legacy,2,0,531.9000000059605,10000,3,fnv1a32:2e4a6855,,,,,,,,18,true
chain,text-list,edit-formula,10000,legacy,2,1,511.09999999403954,10000,3,fnv1a32:aef75559,,,,,,,,19,true
chain,text-list,edit-formula,10000,legacy,2,2,526.5999999940395,10000,3,fnv1a32:592d8c4d,,,,,,,,20,true
chain,text-list,edit-formula,10000,legacy,2,3,509.69999998807907,10000,3,fnv1a32:2647bf61,,,,,,,,21,true
chain,text-list,edit-formula,10000,legacy,2,4,499.19999998807907,10000,3,fnv1a32:c89a79c5,,,,,,,,22,true
chain,text-list,initial,10000,legacy,3,0,558.4000000059605,10000,3,fnv1a32:29709e09,,,,,,,,1,true
chain,text-list,read,10000,legacy,3,0,489.40000000596046,10000,3,fnv1a32:29709e09,,,,,,,,1,true
chain,text-list,read,10000,legacy,3,1,491.2000000178814,10000,3,fnv1a32:29709e09,,,,,,,,1,true
chain,text-list,read,10000,legacy,3,2,513.4000000059605,10000,3,fnv1a32:29709e09,,,,,,,,1,true
chain,text-list,read,10000,legacy,3,3,494.5,10000,3,fnv1a32:29709e09,,,,,,,,1,true
chain,text-list,read,10000,legacy,3,4,512,10000,3,fnv1a32:29709e09,,,,,,,,1,true
chain,text-list,edit-cell,10000,legacy,3,0,506.5,10000,3,fnv1a32:6eb8cee3,,,,,,,,4,true
chain,text-list,edit-cell,10000,legacy,3,1,494.90000000596046,10000,3,fnv1a32:091bd093,,,,,,,,5,true
chain,text-list,edit-cell,10000,legacy,3,2,502.5,10000,3,fnv1a32:7d158c05,,,,,,,,6,true
chain,text-list,edit-cell,10000,legacy,3,3,494,10000,3,fnv1a32:a6e0f5c1,,,,,,,,7,true
chain,text-list,edit-cell,10000,legacy,3,4,497.5,10000,3,fnv1a32:406c1f19,,,,,,,,8,true
chain,text-list,edit-all,10000,legacy,3,0,563.7000000178814,10000,3,fnv1a32:ada371a1,,,,,,,,11,true
chain,text-list,edit-all,10000,legacy,3,1,558.1999999880791,10000,3,fnv1a32:1b133c0d,,,,,,,,12,true
chain,text-list,edit-all,10000,legacy,3,2,562,10000,3,fnv1a32:93a76d1d,,,,,,,,13,true
chain,text-list,edit-all,10000,legacy,3,3,572,10000,3,fnv1a32:cca13ef9,,,,,,,,14,true
chain,text-list,edit-all,10000,legacy,3,4,576.5999999940395,10000,3,fnv1a32:3c3a3ac9,,,,,,,,15,true
chain,text-list,edit-formula,10000,legacy,3,0,528.2000000178814,10000,3,fnv1a32:2e4a6855,,,,,,,,18,true
chain,text-list,edit-formula,10000,legacy,3,1,516.6999999880791,10000,3,fnv1a32:aef75559,,,,,,,,19,true
chain,text-list,edit-formula,10000,legacy,3,2,525.5,10000,3,fnv1a32:592d8c4d,,,,,,,,20,true
chain,text-list,edit-formula,10000,legacy,3,3,520.3999999761581,10000,3,fnv1a32:2647bf61,,,,,,,,21,true
chain,text-list,edit-formula,10000,legacy,3,4,529.5999999940395,10000,3,fnv1a32:c89a79c5,,,,,,,,22,true
chain,text-list,initial,10000,native,3,0,272.60000002384186,10000,3,fnv1a32:29709e09,,,,,,,,2,true
chain,text-list,read,10000,native,3,0,8.5,10000,3,fnv1a32:29709e09,,,,,,,,2,true
chain,text-list,read,10000,native,3,1,8.300000011920929,10000,3,fnv1a32:29709e09,,,,,,,,2,true
chain,text-list,read,10000,native,3,2,9.299999982118607,10000,3,fnv1a32:29709e09,,,,,,,,2,true
chain,text-list,read,10000,native,3,3,8.5,10000,3,fnv1a32:29709e09,,,,,,,,2,true
chain,text-list,read,10000,native,3,4,9.400000005960464,10000,3,fnv1a32:29709e09,,,,,,,,2,true
chain,text-list,edit-cell,10000,native,3,0,157.60000002384186,10000,3,fnv1a32:6eb8cee3,,,,,,,,5,true
chain,text-list,edit-cell,10000,native,3,1,147.30000001192093,10000,3,fnv1a32:091bd093,,,,,,,,6,true
chain,text-list,edit-cell,10000,native,3,2,150,10000,3,fnv1a32:7d158c05,,,,,,,,7,true
chain,text-list,edit-cell,10000,native,3,3,158,10000,3,fnv1a32:a6e0f5c1,,,,,,,,8,true
chain,text-list,edit-cell,10000,native,3,4,161,10000,3,fnv1a32:406c1f19,,,,,,,,9,true
chain,text-list,edit-all,10000,native,3,0,238,10000,3,fnv1a32:ada371a1,,,,,,,,30009,true
chain,text-list,edit-all,10000,native,3,1,266,10000,3,fnv1a32:1b133c0d,,,,,,,,40009,true
chain,text-list,edit-all,10000,native,3,2,264,10000,3,fnv1a32:93a76d1d,,,,,,,,50009,true
chain,text-list,edit-all,10000,native,3,3,260.40000000596046,10000,3,fnv1a32:cca13ef9,,,,,,,,60009,true
chain,text-list,edit-all,10000,native,3,4,255,10000,3,fnv1a32:3c3a3ac9,,,,,,,,70009,true
chain,text-list,edit-formula,10000,native,3,0,186.30000001192093,10000,3,fnv1a32:2e4a6855,,,,,,,,70012,true
chain,text-list,edit-formula,10000,native,3,1,176,10000,3,fnv1a32:aef75559,,,,,,,,70013,true
chain,text-list,edit-formula,10000,native,3,2,171.7999999821186,10000,3,fnv1a32:592d8c4d,,,,,,,,70014,true
chain,text-list,edit-formula,10000,native,3,3,163,10000,3,fnv1a32:2647bf61,,,,,,,,70015,true
chain,text-list,edit-formula,10000,native,3,4,155.7999999821186,10000,3,fnv1a32:c89a79c5,,,,,,,,70016,true
chain,text-list,initial,10000,native,4,0,278.19999998807907,10000,3,fnv1a32:29709e09,,,,,,,,2,true
chain,text-list,read,10000,native,4,0,8.799999982118607,10000,3,fnv1a32:29709e09,,,,,,,,2,true
chain,text-list,read,10000,native,4,1,8.300000011920929,10000,3,fnv1a32:29709e09,,,,,,,,2,true
chain,text-list,read,10000,native,4,2,8.5,10000,3,fnv1a32:29709e09,,,,,,,,2,true
chain,text-list,read,10000,native,4,3,9,10000,3,fnv1a32:29709e09,,,,,,,,2,true
chain,text-list,read,10000,native,4,4,10.299999982118607,10000,3,fnv1a32:29709e09,,,,,,,,2,true
chain,text-list,edit-cell,10000,native,4,0,151,10000,3,fnv1a32:6eb8cee3,,,,,,,,5,true
chain,text-list,edit-cell,10000,native,4,1,151,10000,3,fnv1a32:091bd093,,,,,,,,6,true
chain,text-list,edit-cell,10000,native,4,2,148.10000002384186,10000,3,fnv1a32:7d158c05,,,,,,,,7,true
chain,text-list,edit-cell,10000,native,4,3,162.09999999403954,10000,3,fnv1a32:a6e0f5c1,,,,,,,,8,true
chain,text-list,edit-cell,10000,native,4,4,155.10000002384186,10000,3,fnv1a32:406c1f19,,,,,,,,9,true
chain,text-list,edit-all,10000,native,4,0,239.2000000178814,10000,3,fnv1a32:ada371a1,,,,,,,,30009,true
chain,text-list,edit-all,10000,native,4,1,245,10000,3,fnv1a32:1b133c0d,,,,,,,,40009,true
chain,text-list,edit-all,10000,native,4,2,257.5,10000,3,fnv1a32:93a76d1d,,,,,,,,50009,true
chain,text-list,edit-all,10000,native,4,3,247.80000001192093,10000,3,fnv1a32:cca13ef9,,,,,,,,60009,true
chain,text-list,edit-all,10000,native,4,4,238.09999999403954,10000,3,fnv1a32:3c3a3ac9,,,,,,,,70009,true
chain,text-list,edit-formula,10000,native,4,0,177.19999998807907,10000,3,fnv1a32:2e4a6855,,,,,,,,70012,true
chain,text-list,edit-formula,10000,native,4,1,166.5,10000,3,fnv1a32:aef75559,,,,,,,,70013,true
chain,text-list,edit-formula,10000,native,4,2,180.59999999403954,10000,3,fnv1a32:592d8c4d,,,,,,,,70014,true
chain,text-list,edit-formula,10000,native,4,3,169.7000000178814,10000,3,fnv1a32:2647bf61,,,,,,,,70015,true
chain,text-list,edit-formula,10000,native,4,4,162.40000000596046,10000,3,fnv1a32:c89a79c5,,,,,,,,70016,true
chain,text-list,initial,10000,legacy,4,0,567.4000000059605,10000,3,fnv1a32:29709e09,,,,,,,,1,true
chain,text-list,read,10000,legacy,4,0,515.9000000059605,10000,3,fnv1a32:29709e09,,,,,,,,1,true
chain,text-list,read,10000,legacy,4,1,515.1000000238419,10000,3,fnv1a32:29709e09,,,,,,,,1,true
chain,text-list,read,10000,legacy,4,2,538.6000000238419,10000,3,fnv1a32:29709e09,,,,,,,,1,true
chain,text-list,read,10000,legacy,4,3,496.5,10000,3,fnv1a32:29709e09,,,,,,,,1,true
chain,text-list,read,10000,legacy,4,4,515.9000000059605,10000,3,fnv1a32:29709e09,,,,,,,,1,true
chain,text-list,edit-cell,10000,legacy,4,0,507.69999998807907,10000,3,fnv1a32:6eb8cee3,,,,,,,,4,true
chain,text-list,edit-cell,10000,legacy,4,1,520.6999999880791,10000,3,fnv1a32:091bd093,,,,,,,,5,true
chain,text-list,edit-cell,10000,legacy,4,2,523.3999999761581,10000,3,fnv1a32:7d158c05,,,,,,,,6,true
chain,text-list,edit-cell,10000,legacy,4,3,500.5,10000,3,fnv1a32:a6e0f5c1,,,,,,,,7,true
chain,text-list,edit-cell,10000,legacy,4,4,492.80000001192093,10000,3,fnv1a32:406c1f19,,,,,,,,8,true
chain,text-list,edit-all,10000,legacy,4,0,583,10000,3,fnv1a32:ada371a1,,,,,,,,11,true
chain,text-list,edit-all,10000,legacy,4,1,578.5999999940395,10000,3,fnv1a32:1b133c0d,,,,,,,,12,true
chain,text-list,edit-all,10000,legacy,4,2,553.8000000119209,10000,3,fnv1a32:93a76d1d,,,,,,,,13,true
chain,text-list,edit-all,10000,legacy,4,3,543.5999999940395,10000,3,fnv1a32:cca13ef9,,,,,,,,14,true
chain,text-list,edit-all,10000,legacy,4,4,556.0999999940395,10000,3,fnv1a32:3c3a3ac9,,,,,,,,15,true
chain,text-list,edit-formula,10000,legacy,4,0,505.39999997615814,10000,3,fnv1a32:2e4a6855,,,,,,,,18,true
chain,text-list,edit-formula,10000,legacy,4,1,489.59999999403954,10000,3,fnv1a32:aef75559,,,,,,,,19,true
chain,text-list,edit-formula,10000,legacy,4,2,501,10000,3,fnv1a32:592d8c4d,,,,,,,,20,true
chain,text-list,edit-formula,10000,legacy,4,3,489,10000,3,fnv1a32:2647bf61,,,,,,,,21,true
chain,text-list,edit-formula,10000,legacy,4,4,519.5,10000,3,fnv1a32:c89a79c5,,,,,,,,22,true
chain,dependency,initial,100,legacy,0,0,41.099999994039536,100,7,fnv1a32:bab65e5d,,,,,,,,1,true
chain,dependency,read,100,legacy,0,0,36.29999998211861,100,7,fnv1a32:bab65e5d,,,,,,,,1,true
chain,dependency,read,100,legacy,0,1,36.89999997615814,100,7,fnv1a32:bab65e5d,,,,,,,,1,true
chain,dependency,read,100,legacy,0,2,30.900000005960464,100,7,fnv1a32:bab65e5d,,,,,,,,1,true
chain,dependency,read,100,legacy,0,3,32,100,7,fnv1a32:bab65e5d,,,,,,,,1,true
chain,dependency,read,100,legacy,0,4,30.5,100,7,fnv1a32:bab65e5d,,,,,,,,1,true
chain,dependency,edit-cell,100,legacy,0,0,31,100,7,fnv1a32:2551f55d,,,,,,,,4,true
chain,dependency,edit-cell,100,legacy,0,1,31.299999982118607,100,7,fnv1a32:7ad4b433,,,,,,,,5,true
chain,dependency,edit-cell,100,legacy,0,2,31.299999982118607,100,7,fnv1a32:2d6b742f,,,,,,,,6,true
chain,dependency,edit-cell,100,legacy,0,3,30.899999976158142,100,7,fnv1a32:9c57008b,,,,,,,,7,true
chain,dependency,edit-cell,100,legacy,0,4,30.700000017881393,100,7,fnv1a32:0ffab2e3,,,,,,,,8,true
chain,dependency,edit-all,100,legacy,0,0,31.5,100,7,fnv1a32:016be337,,,,,,,,11,true
chain,dependency,edit-all,100,legacy,0,1,32.099999994039536,100,7,fnv1a32:f5c6f081,,,,,,,,12,true
chain,dependency,edit-all,100,legacy,0,2,33,100,7,fnv1a32:99def20b,,,,,,,,13,true
chain,dependency,edit-all,100,legacy,0,3,31.5,100,7,fnv1a32:d816a847,,,,,,,,14,true
chain,dependency,edit-all,100,legacy,0,4,31.200000017881393,100,7,fnv1a32:4f4cb1c1,,,,,,,,15,true
chain,dependency,edit-formula,100,legacy,0,0,29.19999998807907,100,7,fnv1a32:414e74dd,,,,,,,,18,true
chain,dependency,edit-formula,100,legacy,0,1,30.5,100,7,fnv1a32:7157318d,,,,,,,,19,true
chain,dependency,edit-formula,100,legacy,0,2,30,100,7,fnv1a32:67ba34a1,,,,,,,,20,true
chain,dependency,edit-formula,100,legacy,0,3,29.400000005960464,100,7,fnv1a32:687815dd,,,,,,,,21,true
chain,dependency,edit-formula,100,legacy,0,4,30,100,7,fnv1a32:d94196d9,,,,,,,,22,true
chain,dependency,initial,100,native,0,0,38,100,7,fnv1a32:bab65e5d,,,,,,,,2,true
chain,dependency,read,100,native,0,0,0.09999999403953552,100,7,fnv1a32:bab65e5d,,,,,,,,2,true
chain,dependency,read,100,native,0,1,0.4000000059604645,100,7,fnv1a32:bab65e5d,,,,,,,,2,true
chain,dependency,read,100,native,0,2,0.20000001788139343,100,7,fnv1a32:bab65e5d,,,,,,,,2,true
chain,dependency,read,100,native,0,3,0.09999999403953552,100,7,fnv1a32:bab65e5d,,,,,,,,2,true
chain,dependency,read,100,native,0,4,0.20000001788139343,100,7,fnv1a32:bab65e5d,,,,,,,,2,true
chain,dependency,edit-cell,100,native,0,0,1.800000011920929,100,7,fnv1a32:2551f55d,,,,,,,,5,true
chain,dependency,edit-cell,100,native,0,1,1.5,100,7,fnv1a32:7ad4b433,,,,,,,,6,true
chain,dependency,edit-cell,100,native,0,2,1.0999999940395355,100,7,fnv1a32:2d6b742f,,,,,,,,7,true
chain,dependency,edit-cell,100,native,0,3,1.0999999940395355,100,7,fnv1a32:9c57008b,,,,,,,,8,true
chain,dependency,edit-cell,100,native,0,4,2.0999999940395355,100,7,fnv1a32:0ffab2e3,,,,,,,,9,true
chain,dependency,edit-all,100,native,0,0,2.399999976158142,100,7,fnv1a32:016be337,,,,,,,,309,true
chain,dependency,edit-all,100,native,0,1,2.4000000059604645,100,7,fnv1a32:f5c6f081,,,,,,,,409,true
chain,dependency,edit-all,100,native,0,2,3.4000000059604645,100,7,fnv1a32:99def20b,,,,,,,,509,true
chain,dependency,edit-all,100,native,0,3,3.2000000178813934,100,7,fnv1a32:d816a847,,,,,,,,609,true
chain,dependency,edit-all,100,native,0,4,1.699999988079071,100,7,fnv1a32:4f4cb1c1,,,,,,,,709,true
chain,dependency,edit-formula,100,native,0,0,2.399999976158142,100,7,fnv1a32:414e74dd,,,,,,,,712,true
chain,dependency,edit-formula,100,native,0,1,2.800000011920929,100,7,fnv1a32:7157318d,,,,,,,,713,true
chain,dependency,edit-formula,100,native,0,2,2.4000000059604645,100,7,fnv1a32:67ba34a1,,,,,,,,714,true
chain,dependency,edit-formula,100,native,0,3,2.7999999821186066,100,7,fnv1a32:687815dd,,,,,,,,715,true
chain,dependency,edit-formula,100,native,0,4,2.9000000059604645,100,7,fnv1a32:d94196d9,,,,,,,,716,true
chain,dependency,initial,100,native,1,0,37.599999994039536,100,7,fnv1a32:bab65e5d,,,,,,,,2,true
chain,dependency,read,100,native,1,0,0.10000002384185791,100,7,fnv1a32:bab65e5d,,,,,,,,2,true
chain,dependency,read,100,native,1,1,0.30000001192092896,100,7,fnv1a32:bab65e5d,,,,,,,,2,true
chain,dependency,read,100,native,1,2,0.30000001192092896,100,7,fnv1a32:bab65e5d,,,,,,,,2,true
chain,dependency,read,100,native,1,3,0.20000001788139343,100,7,fnv1a32:bab65e5d,,,,,,,,2,true
chain,dependency,read,100,native,1,4,0.09999999403953552,100,7,fnv1a32:bab65e5d,,,,,,,,2,true
chain,dependency,edit-cell,100,native,1,0,1.9000000059604645,100,7,fnv1a32:2551f55d,,,,,,,,5,true
chain,dependency,edit-cell,100,native,1,1,1.199999988079071,100,7,fnv1a32:7ad4b433,,,,,,,,6,true
chain,dependency,edit-cell,100,native,1,2,1.100000023841858,100,7,fnv1a32:2d6b742f,,,,,,,,7,true
chain,dependency,edit-cell,100,native,1,3,1,100,7,fnv1a32:9c57008b,,,,,,,,8,true
chain,dependency,edit-cell,100,native,1,4,1.2000000178813934,100,7,fnv1a32:0ffab2e3,,,,,,,,9,true
chain,dependency,edit-all,100,native,1,0,2.199999988079071,100,7,fnv1a32:016be337,,,,,,,,309,true
chain,dependency,edit-all,100,native,1,1,1.9000000059604645,100,7,fnv1a32:f5c6f081,,,,,,,,409,true
chain,dependency,edit-all,100,native,1,2,2,100,7,fnv1a32:99def20b,,,,,,,,509,true
chain,dependency,edit-all,100,native,1,3,2.9000000059604645,100,7,fnv1a32:d816a847,,,,,,,,609,true
chain,dependency,edit-all,100,native,1,4,1.800000011920929,100,7,fnv1a32:4f4cb1c1,,,,,,,,709,true
chain,dependency,edit-formula,100,native,1,0,2.2000000178813934,100,7,fnv1a32:414e74dd,,,,,,,,712,true
chain,dependency,edit-formula,100,native,1,1,2.0999999940395355,100,7,fnv1a32:7157318d,,,,,,,,713,true
chain,dependency,edit-formula,100,native,1,2,2.0999999940395355,100,7,fnv1a32:67ba34a1,,,,,,,,714,true
chain,dependency,edit-formula,100,native,1,3,2.0999999940395355,100,7,fnv1a32:687815dd,,,,,,,,715,true
chain,dependency,edit-formula,100,native,1,4,2.899999976158142,100,7,fnv1a32:d94196d9,,,,,,,,716,true
chain,dependency,initial,100,legacy,1,0,42.400000005960464,100,7,fnv1a32:bab65e5d,,,,,,,,1,true
chain,dependency,read,100,legacy,1,0,35.900000005960464,100,7,fnv1a32:bab65e5d,,,,,,,,1,true
chain,dependency,read,100,legacy,1,1,36.29999998211861,100,7,fnv1a32:bab65e5d,,,,,,,,1,true
chain,dependency,read,100,legacy,1,2,30.099999994039536,100,7,fnv1a32:bab65e5d,,,,,,,,1,true
chain,dependency,read,100,legacy,1,3,30.69999998807907,100,7,fnv1a32:bab65e5d,,,,,,,,1,true
chain,dependency,read,100,legacy,1,4,31.099999994039536,100,7,fnv1a32:bab65e5d,,,,,,,,1,true
chain,dependency,edit-cell,100,legacy,1,0,30.30000001192093,100,7,fnv1a32:2551f55d,,,,,,,,4,true
chain,dependency,edit-cell,100,legacy,1,1,30.099999994039536,100,7,fnv1a32:7ad4b433,,,,,,,,5,true
chain,dependency,edit-cell,100,legacy,1,2,30.5,100,7,fnv1a32:2d6b742f,,,,,,,,6,true
chain,dependency,edit-cell,100,legacy,1,3,31.5,100,7,fnv1a32:9c57008b,,,,,,,,7,true
chain,dependency,edit-cell,100,legacy,1,4,30,100,7,fnv1a32:0ffab2e3,,,,,,,,8,true
chain,dependency,edit-all,100,legacy,1,0,31.900000005960464,100,7,fnv1a32:016be337,,,,,,,,11,true
chain,dependency,edit-all,100,legacy,1,1,31.899999976158142,100,7,fnv1a32:f5c6f081,,,,,,,,12,true
chain,dependency,edit-all,100,legacy,1,2,31.80000001192093,100,7,fnv1a32:99def20b,,,,,,,,13,true
chain,dependency,edit-all,100,legacy,1,3,30.599999994039536,100,7,fnv1a32:d816a847,,,,,,,,14,true
chain,dependency,edit-all,100,legacy,1,4,29.69999998807907,100,7,fnv1a32:4f4cb1c1,,,,,,,,15,true
chain,dependency,edit-formula,100,legacy,1,0,28.399999976158142,100,7,fnv1a32:414e74dd,,,,,,,,18,true
chain,dependency,edit-formula,100,legacy,1,1,30,100,7,fnv1a32:7157318d,,,,,,,,19,true
chain,dependency,edit-formula,100,legacy,1,2,29.900000005960464,100,7,fnv1a32:67ba34a1,,,,,,,,20,true
chain,dependency,edit-formula,100,legacy,1,3,29.80000001192093,100,7,fnv1a32:687815dd,,,,,,,,21,true
chain,dependency,edit-formula,100,legacy,1,4,29.700000017881393,100,7,fnv1a32:d94196d9,,,,,,,,22,true
chain,dependency,initial,100,legacy,2,0,43.39999997615814,100,7,fnv1a32:bab65e5d,,,,,,,,1,true
chain,dependency,read,100,legacy,2,0,36.80000001192093,100,7,fnv1a32:bab65e5d,,,,,,,,1,true
chain,dependency,read,100,legacy,2,1,37.10000002384186,100,7,fnv1a32:bab65e5d,,,,,,,,1,true
chain,dependency,read,100,legacy,2,2,30.5,100,7,fnv1a32:bab65e5d,,,,,,,,1,true
chain,dependency,read,100,legacy,2,3,30.69999998807907,100,7,fnv1a32:bab65e5d,,,,,,,,1,true
chain,dependency,read,100,legacy,2,4,30.5,100,7,fnv1a32:bab65e5d,,,,,,,,1,true
chain,dependency,edit-cell,100,legacy,2,0,29.599999994039536,100,7,fnv1a32:2551f55d,,,,,,,,4,true
chain,dependency,edit-cell,100,legacy,2,1,29,100,7,fnv1a32:7ad4b433,,,,,,,,5,true
chain,dependency,edit-cell,100,legacy,2,2,29.299999982118607,100,7,fnv1a32:2d6b742f,,,,,,,,6,true
chain,dependency,edit-cell,100,legacy,2,3,29.19999998807907,100,7,fnv1a32:9c57008b,,,,,,,,7,true
chain,dependency,edit-cell,100,legacy,2,4,29,100,7,fnv1a32:0ffab2e3,,,,,,,,8,true
chain,dependency,edit-all,100,legacy,2,0,30.899999976158142,100,7,fnv1a32:016be337,,,,,,,,11,true
chain,dependency,edit-all,100,legacy,2,1,30,100,7,fnv1a32:f5c6f081,,,,,,,,12,true
chain,dependency,edit-all,100,legacy,2,2,29.599999994039536,100,7,fnv1a32:99def20b,,,,,,,,13,true
chain,dependency,edit-all,100,legacy,2,3,29.69999998807907,100,7,fnv1a32:d816a847,,,,,,,,14,true
chain,dependency,edit-all,100,legacy,2,4,29.900000005960464,100,7,fnv1a32:4f4cb1c1,,,,,,,,15,true
chain,dependency,edit-formula,100,legacy,2,0,28.099999994039536,100,7,fnv1a32:414e74dd,,,,,,,,18,true
chain,dependency,edit-formula,100,legacy,2,1,29.5,100,7,fnv1a32:7157318d,,,,,,,,19,true
chain,dependency,edit-formula,100,legacy,2,2,29.100000023841858,100,7,fnv1a32:67ba34a1,,,,,,,,20,true
chain,dependency,edit-formula,100,legacy,2,3,30.19999998807907,100,7,fnv1a32:687815dd,,,,,,,,21,true
chain,dependency,edit-formula,100,legacy,2,4,30.599999994039536,100,7,fnv1a32:d94196d9,,,,,,,,22,true
chain,dependency,initial,100,native,2,0,38.099999994039536,100,7,fnv1a32:bab65e5d,,,,,,,,2,true
chain,dependency,read,100,native,2,0,0.09999999403953552,100,7,fnv1a32:bab65e5d,,,,,,,,2,true
chain,dependency,read,100,native,2,1,0.30000001192092896,100,7,fnv1a32:bab65e5d,,,,,,,,2,true
chain,dependency,read,100,native,2,2,0.09999999403953552,100,7,fnv1a32:bab65e5d,,,,,,,,2,true
chain,dependency,read,100,native,2,3,0.09999999403953552,100,7,fnv1a32:bab65e5d,,,,,,,,2,true
chain,dependency,read,100,native,2,4,0.20000001788139343,100,7,fnv1a32:bab65e5d,,,,,,,,2,true
chain,dependency,edit-cell,100,native,2,0,1.9000000059604645,100,7,fnv1a32:2551f55d,,,,,,,,5,true
chain,dependency,edit-cell,100,native,2,1,1.2000000178813934,100,7,fnv1a32:7ad4b433,,,,,,,,6,true
chain,dependency,edit-cell,100,native,2,2,1.0999999940395355,100,7,fnv1a32:2d6b742f,,,,,,,,7,true
chain,dependency,edit-cell,100,native,2,3,1.100000023841858,100,7,fnv1a32:9c57008b,,,,,,,,8,true
chain,dependency,edit-cell,100,native,2,4,1.300000011920929,100,7,fnv1a32:0ffab2e3,,,,,,,,9,true
chain,dependency,edit-all,100,native,2,0,2.300000011920929,100,7,fnv1a32:016be337,,,,,,,,309,true
chain,dependency,edit-all,100,native,2,1,2,100,7,fnv1a32:f5c6f081,,,,,,,,409,true
chain,dependency,edit-all,100,native,2,2,2.2000000178813934,100,7,fnv1a32:99def20b,,,,,,,,509,true
chain,dependency,edit-all,100,native,2,3,3.5,100,7,fnv1a32:d816a847,,,,,,,,609,true
chain,dependency,edit-all,100,native,2,4,1.7999999821186066,100,7,fnv1a32:4f4cb1c1,,,,,,,,709,true
chain,dependency,edit-formula,100,native,2,0,2.199999988079071,100,7,fnv1a32:414e74dd,,,,,,,,712,true
chain,dependency,edit-formula,100,native,2,1,2.5999999940395355,100,7,fnv1a32:7157318d,,,,,,,,713,true
chain,dependency,edit-formula,100,native,2,2,3.100000023841858,100,7,fnv1a32:67ba34a1,,,,,,,,714,true
chain,dependency,edit-formula,100,native,2,3,3,100,7,fnv1a32:687815dd,,,,,,,,715,true
chain,dependency,edit-formula,100,native,2,4,2.5999999940395355,100,7,fnv1a32:d94196d9,,,,,,,,716,true
chain,dependency,initial,100,native,3,0,38.400000005960464,100,7,fnv1a32:bab65e5d,,,,,,,,2,true
chain,dependency,read,100,native,3,0,0.29999998211860657,100,7,fnv1a32:bab65e5d,,,,,,,,2,true
chain,dependency,read,100,native,3,1,0.29999998211860657,100,7,fnv1a32:bab65e5d,,,,,,,,2,true
chain,dependency,read,100,native,3,2,0.10000002384185791,100,7,fnv1a32:bab65e5d,,,,,,,,2,true
chain,dependency,read,100,native,3,3,0.19999998807907104,100,7,fnv1a32:bab65e5d,,,,,,,,2,true
chain,dependency,read,100,native,3,4,0.19999998807907104,100,7,fnv1a32:bab65e5d,,,,,,,,2,true
chain,dependency,edit-cell,100,native,3,0,1.800000011920929,100,7,fnv1a32:2551f55d,,,,,,,,5,true
chain,dependency,edit-cell,100,native,3,1,1.2999999821186066,100,7,fnv1a32:7ad4b433,,,,,,,,6,true
chain,dependency,edit-cell,100,native,3,2,1.0999999940395355,100,7,fnv1a32:2d6b742f,,,,,,,,7,true
chain,dependency,edit-cell,100,native,3,3,1.300000011920929,100,7,fnv1a32:9c57008b,,,,,,,,8,true
chain,dependency,edit-cell,100,native,3,4,1.699999988079071,100,7,fnv1a32:0ffab2e3,,,,,,,,9,true
chain,dependency,edit-all,100,native,3,0,2.0999999940395355,100,7,fnv1a32:016be337,,,,,,,,309,true
chain,dependency,edit-all,100,native,3,1,2,100,7,fnv1a32:f5c6f081,,,,,,,,409,true
chain,dependency,edit-all,100,native,3,2,2,100,7,fnv1a32:99def20b,,,,,,,,509,true
chain,dependency,edit-all,100,native,3,3,2,100,7,fnv1a32:d816a847,,,,,,,,609,true
chain,dependency,edit-all,100,native,3,4,1.7999999821186066,100,7,fnv1a32:4f4cb1c1,,,,,,,,709,true
chain,dependency,edit-formula,100,native,3,0,2.5999999940395355,100,7,fnv1a32:414e74dd,,,,,,,,712,true
chain,dependency,edit-formula,100,native,3,1,2.7999999821186066,100,7,fnv1a32:7157318d,,,,,,,,713,true
chain,dependency,edit-formula,100,native,3,2,2.7000000178813934,100,7,fnv1a32:67ba34a1,,,,,,,,714,true
chain,dependency,edit-formula,100,native,3,3,3.300000011920929,100,7,fnv1a32:687815dd,,,,,,,,715,true
chain,dependency,edit-formula,100,native,3,4,2.4000000059604645,100,7,fnv1a32:d94196d9,,,,,,,,716,true
chain,dependency,initial,100,legacy,3,0,42.900000005960464,100,7,fnv1a32:bab65e5d,,,,,,,,1,true
chain,dependency,read,100,legacy,3,0,40.5,100,7,fnv1a32:bab65e5d,,,,,,,,1,true
chain,dependency,read,100,legacy,3,1,38.10000002384186,100,7,fnv1a32:bab65e5d,,,,,,,,1,true
chain,dependency,read,100,legacy,3,2,31.799999982118607,100,7,fnv1a32:bab65e5d,,,,,,,,1,true
chain,dependency,read,100,legacy,3,3,30.200000017881393,100,7,fnv1a32:bab65e5d,,,,,,,,1,true
chain,dependency,read,100,legacy,3,4,30.80000001192093,100,7,fnv1a32:bab65e5d,,,,,,,,1,true
chain,dependency,edit-cell,100,legacy,3,0,29.099999994039536,100,7,fnv1a32:2551f55d,,,,,,,,4,true
chain,dependency,edit-cell,100,legacy,3,1,29.099999994039536,100,7,fnv1a32:7ad4b433,,,,,,,,5,true
chain,dependency,edit-cell,100,legacy,3,2,29.200000017881393,100,7,fnv1a32:2d6b742f,,,,,,,,6,true
chain,dependency,edit-cell,100,legacy,3,3,29.30000001192093,100,7,fnv1a32:9c57008b,,,,,,,,7,true
chain,dependency,edit-cell,100,legacy,3,4,28.799999982118607,100,7,fnv1a32:0ffab2e3,,,,,,,,8,true
chain,dependency,edit-all,100,legacy,3,0,30.5,100,7,fnv1a32:016be337,,,,,,,,11,true
chain,dependency,edit-all,100,legacy,3,1,30.900000005960464,100,7,fnv1a32:f5c6f081,,,,,,,,12,true
chain,dependency,edit-all,100,legacy,3,2,30.200000017881393,100,7,fnv1a32:99def20b,,,,,,,,13,true
chain,dependency,edit-all,100,legacy,3,3,31.400000005960464,100,7,fnv1a32:d816a847,,,,,,,,14,true
chain,dependency,edit-all,100,legacy,3,4,29.900000005960464,100,7,fnv1a32:4f4cb1c1,,,,,,,,15,true
chain,dependency,edit-formula,100,legacy,3,0,29.099999994039536,100,7,fnv1a32:414e74dd,,,,,,,,18,true
chain,dependency,edit-formula,100,legacy,3,1,29.19999998807907,100,7,fnv1a32:7157318d,,,,,,,,19,true
chain,dependency,edit-formula,100,legacy,3,2,28.900000005960464,100,7,fnv1a32:67ba34a1,,,,,,,,20,true
chain,dependency,edit-formula,100,legacy,3,3,28.900000005960464,100,7,fnv1a32:687815dd,,,,,,,,21,true
chain,dependency,edit-formula,100,legacy,3,4,29.200000017881393,100,7,fnv1a32:d94196d9,,,,,,,,22,true
chain,dependency,initial,100,legacy,4,0,41.29999998211861,100,7,fnv1a32:bab65e5d,,,,,,,,1,true
chain,dependency,read,100,legacy,4,0,35.30000001192093,100,7,fnv1a32:bab65e5d,,,,,,,,1,true
chain,dependency,read,100,legacy,4,1,35.30000001192093,100,7,fnv1a32:bab65e5d,,,,,,,,1,true
chain,dependency,read,100,legacy,4,2,30.200000017881393,100,7,fnv1a32:bab65e5d,,,,,,,,1,true
chain,dependency,read,100,legacy,4,3,29.69999998807907,100,7,fnv1a32:bab65e5d,,,,,,,,1,true
chain,dependency,read,100,legacy,4,4,29.69999998807907,100,7,fnv1a32:bab65e5d,,,,,,,,1,true
chain,dependency,edit-cell,100,legacy,4,0,28.900000005960464,100,7,fnv1a32:2551f55d,,,,,,,,4,true
chain,dependency,edit-cell,100,legacy,4,1,29.5,100,7,fnv1a32:7ad4b433,,,,,,,,5,true
chain,dependency,edit-cell,100,legacy,4,2,29.5,100,7,fnv1a32:2d6b742f,,,,,,,,6,true
chain,dependency,edit-cell,100,legacy,4,3,28.69999998807907,100,7,fnv1a32:9c57008b,,,,,,,,7,true
chain,dependency,edit-cell,100,legacy,4,4,28.900000005960464,100,7,fnv1a32:0ffab2e3,,,,,,,,8,true
chain,dependency,edit-all,100,legacy,4,0,31.200000017881393,100,7,fnv1a32:016be337,,,,,,,,11,true
chain,dependency,edit-all,100,legacy,4,1,30.599999994039536,100,7,fnv1a32:f5c6f081,,,,,,,,12,true
chain,dependency,edit-all,100,legacy,4,2,30.30000001192093,100,7,fnv1a32:99def20b,,,,,,,,13,true
chain,dependency,edit-all,100,legacy,4,3,30.099999994039536,100,7,fnv1a32:d816a847,,,,,,,,14,true
chain,dependency,edit-all,100,legacy,4,4,30.599999994039536,100,7,fnv1a32:4f4cb1c1,,,,,,,,15,true
chain,dependency,edit-formula,100,legacy,4,0,28.400000005960464,100,7,fnv1a32:414e74dd,,,,,,,,18,true
chain,dependency,edit-formula,100,legacy,4,1,30,100,7,fnv1a32:7157318d,,,,,,,,19,true
chain,dependency,edit-formula,100,legacy,4,2,29.69999998807907,100,7,fnv1a32:67ba34a1,,,,,,,,20,true
chain,dependency,edit-formula,100,legacy,4,3,29,100,7,fnv1a32:687815dd,,,,,,,,21,true
chain,dependency,edit-formula,100,legacy,4,4,28.900000005960464,100,7,fnv1a32:d94196d9,,,,,,,,22,true
chain,dependency,initial,100,native,4,0,38.69999998807907,100,7,fnv1a32:bab65e5d,,,,,,,,2,true
chain,dependency,read,100,native,4,0,0.19999998807907104,100,7,fnv1a32:bab65e5d,,,,,,,,2,true
chain,dependency,read,100,native,4,1,0.29999998211860657,100,7,fnv1a32:bab65e5d,,,,,,,,2,true
chain,dependency,read,100,native,4,2,0.19999998807907104,100,7,fnv1a32:bab65e5d,,,,,,,,2,true
chain,dependency,read,100,native,4,3,0.30000001192092896,100,7,fnv1a32:bab65e5d,,,,,,,,2,true
chain,dependency,read,100,native,4,4,0.19999998807907104,100,7,fnv1a32:bab65e5d,,,,,,,,2,true
chain,dependency,edit-cell,100,native,4,0,1.7999999821186066,100,7,fnv1a32:2551f55d,,,,,,,,5,true
chain,dependency,edit-cell,100,native,4,1,1.300000011920929,100,7,fnv1a32:7ad4b433,,,,,,,,6,true
chain,dependency,edit-cell,100,native,4,2,1.0999999940395355,100,7,fnv1a32:2d6b742f,,,,,,,,7,true
chain,dependency,edit-cell,100,native,4,3,1.100000023841858,100,7,fnv1a32:9c57008b,,,,,,,,8,true
chain,dependency,edit-cell,100,native,4,4,1.2999999821186066,100,7,fnv1a32:0ffab2e3,,,,,,,,9,true
chain,dependency,edit-all,100,native,4,0,2,100,7,fnv1a32:016be337,,,,,,,,309,true
chain,dependency,edit-all,100,native,4,1,1.9000000059604645,100,7,fnv1a32:f5c6f081,,,,,,,,409,true
chain,dependency,edit-all,100,native,4,2,2.0999999940395355,100,7,fnv1a32:99def20b,,,,,,,,509,true
chain,dependency,edit-all,100,native,4,3,2.300000011920929,100,7,fnv1a32:d816a847,,,,,,,,609,true
chain,dependency,edit-all,100,native,4,4,1.4000000059604645,100,7,fnv1a32:4f4cb1c1,,,,,,,,709,true
chain,dependency,edit-formula,100,native,4,0,2,100,7,fnv1a32:414e74dd,,,,,,,,712,true
chain,dependency,edit-formula,100,native,4,1,2.199999988079071,100,7,fnv1a32:7157318d,,,,,,,,713,true
chain,dependency,edit-formula,100,native,4,2,2.300000011920929,100,7,fnv1a32:67ba34a1,,,,,,,,714,true
chain,dependency,edit-formula,100,native,4,3,3.5,100,7,fnv1a32:687815dd,,,,,,,,715,true
chain,dependency,edit-formula,100,native,4,4,2.199999988079071,100,7,fnv1a32:d94196d9,,,,,,,,716,true
chain,dependency,initial,1000,native,0,0,56.70000001788139,1000,7,fnv1a32:de83bfb3,,,,,,,,2,true
chain,dependency,read,1000,native,0,0,1.0999999940395355,1000,7,fnv1a32:de83bfb3,,,,,,,,2,true
chain,dependency,read,1000,native,0,1,1.0999999940395355,1000,7,fnv1a32:de83bfb3,,,,,,,,2,true
chain,dependency,read,1000,native,0,2,1.199999988079071,1000,7,fnv1a32:de83bfb3,,,,,,,,2,true
chain,dependency,read,1000,native,0,3,1,1000,7,fnv1a32:de83bfb3,,,,,,,,2,true
chain,dependency,read,1000,native,0,4,1.0999999940395355,1000,7,fnv1a32:de83bfb3,,,,,,,,2,true
chain,dependency,edit-cell,1000,native,0,0,8.199999988079071,1000,7,fnv1a32:4758feb3,,,,,,,,5,true
chain,dependency,edit-cell,1000,native,0,1,9.799999982118607,1000,7,fnv1a32:f1ca6f59,,,,,,,,6,true
chain,dependency,edit-cell,1000,native,0,2,8.099999994039536,1000,7,fnv1a32:7c9c6355,,,,,,,,7,true
chain,dependency,edit-cell,1000,native,0,3,8.099999994039536,1000,7,fnv1a32:682471b1,,,,,,,,8,true
chain,dependency,edit-cell,1000,native,0,4,8,1000,7,fnv1a32:d3f37f49,,,,,,,,9,true
chain,dependency,edit-all,1000,native,0,0,16,1000,7,fnv1a32:766c036f,,,,,,,,3009,true
chain,dependency,edit-all,1000,native,0,1,12.599999994039536,1000,7,fnv1a32:f6fe7aa3,,,,,,,,4009,true
chain,dependency,edit-all,1000,native,0,2,13.300000011920929,1000,7,fnv1a32:966010a5,,,,,,,,5009,true
chain,dependency,edit-all,1000,native,0,3,14.400000005960464,1000,7,fnv1a32:acaa82cf,,,,,,,,6009,true
chain,dependency,edit-all,1000,native,0,4,12.5,1000,7,fnv1a32:8beac29f,,,,,,,,7009,true
chain,dependency,edit-formula,1000,native,0,0,7.799999982118607,1000,7,fnv1a32:232a8bfb,,,,,,,,7012,true
chain,dependency,edit-formula,1000,native,0,1,9.200000017881393,1000,7,fnv1a32:9d8ee373,,,,,,,,7013,true
chain,dependency,edit-formula,1000,native,0,2,8.099999994039536,1000,7,fnv1a32:9c47d273,,,,,,,,7014,true
chain,dependency,edit-formula,1000,native,0,3,7.800000011920929,1000,7,fnv1a32:504dd037,,,,,,,,7015,true
chain,dependency,edit-formula,1000,native,0,4,10.199999988079071,1000,7,fnv1a32:aec3f71d,,,,,,,,7016,true
chain,dependency,initial,1000,legacy,0,0,338.69999998807907,1000,7,fnv1a32:de83bfb3,,,,,,,,1,true
chain,dependency,read,1000,legacy,0,0,302.89999997615814,1000,7,fnv1a32:de83bfb3,,,,,,,,1,true
chain,dependency,read,1000,legacy,0,1,300.90000000596046,1000,7,fnv1a32:de83bfb3,,,,,,,,1,true
chain,dependency,read,1000,legacy,0,2,297.09999999403954,1000,7,fnv1a32:de83bfb3,,,,,,,,1,true
chain,dependency,read,1000,legacy,0,3,295.90000000596046,1000,7,fnv1a32:de83bfb3,,,,,,,,1,true
chain,dependency,read,1000,legacy,0,4,294.10000002384186,1000,7,fnv1a32:de83bfb3,,,,,,,,1,true
chain,dependency,edit-cell,1000,legacy,0,0,292.69999998807907,1000,7,fnv1a32:4758feb3,,,,,,,,4,true
chain,dependency,edit-cell,1000,legacy,0,1,293.5,1000,7,fnv1a32:f1ca6f59,,,,,,,,5,true
chain,dependency,edit-cell,1000,legacy,0,2,292,1000,7,fnv1a32:7c9c6355,,,,,,,,6,true
chain,dependency,edit-cell,1000,legacy,0,3,297,1000,7,fnv1a32:682471b1,,,,,,,,7,true
chain,dependency,edit-cell,1000,legacy,0,4,291.40000000596046,1000,7,fnv1a32:d3f37f49,,,,,,,,8,true
chain,dependency,edit-all,1000,legacy,0,0,302,1000,7,fnv1a32:766c036f,,,,,,,,11,true
chain,dependency,edit-all,1000,legacy,0,1,313.7999999821186,1000,7,fnv1a32:f6fe7aa3,,,,,,,,12,true
chain,dependency,edit-all,1000,legacy,0,2,299,1000,7,fnv1a32:966010a5,,,,,,,,13,true
chain,dependency,edit-all,1000,legacy,0,3,299.30000001192093,1000,7,fnv1a32:acaa82cf,,,,,,,,14,true
chain,dependency,edit-all,1000,legacy,0,4,296.90000000596046,1000,7,fnv1a32:8beac29f,,,,,,,,15,true
chain,dependency,edit-formula,1000,legacy,0,0,301.89999997615814,1000,7,fnv1a32:232a8bfb,,,,,,,,18,true
chain,dependency,edit-formula,1000,legacy,0,1,332.5,1000,7,fnv1a32:9d8ee373,,,,,,,,19,true
chain,dependency,edit-formula,1000,legacy,0,2,300,1000,7,fnv1a32:9c47d273,,,,,,,,20,true
chain,dependency,edit-formula,1000,legacy,0,3,327.7000000178814,1000,7,fnv1a32:504dd037,,,,,,,,21,true
chain,dependency,edit-formula,1000,legacy,0,4,298.30000001192093,1000,7,fnv1a32:aec3f71d,,,,,,,,22,true
chain,dependency,initial,1000,legacy,1,0,332.2999999821186,1000,7,fnv1a32:de83bfb3,,,,,,,,1,true
chain,dependency,read,1000,legacy,1,0,294.09999999403954,1000,7,fnv1a32:de83bfb3,,,,,,,,1,true
chain,dependency,read,1000,legacy,1,1,301.09999999403954,1000,7,fnv1a32:de83bfb3,,,,,,,,1,true
chain,dependency,read,1000,legacy,1,2,299.30000001192093,1000,7,fnv1a32:de83bfb3,,,,,,,,1,true
chain,dependency,read,1000,legacy,1,3,299,1000,7,fnv1a32:de83bfb3,,,,,,,,1,true
chain,dependency,read,1000,legacy,1,4,293.80000001192093,1000,7,fnv1a32:de83bfb3,,,,,,,,1,true
chain,dependency,edit-cell,1000,legacy,1,0,291.19999998807907,1000,7,fnv1a32:4758feb3,,,,,,,,4,true
chain,dependency,edit-cell,1000,legacy,1,1,300.69999998807907,1000,7,fnv1a32:f1ca6f59,,,,,,,,5,true
chain,dependency,edit-cell,1000,legacy,1,2,298.2000000178814,1000,7,fnv1a32:7c9c6355,,,,,,,,6,true
chain,dependency,edit-cell,1000,legacy,1,3,296.2999999821186,1000,7,fnv1a32:682471b1,,,,,,,,7,true
chain,dependency,edit-cell,1000,legacy,1,4,289.30000001192093,1000,7,fnv1a32:d3f37f49,,,,,,,,8,true
chain,dependency,edit-all,1000,legacy,1,0,312,1000,7,fnv1a32:766c036f,,,,,,,,11,true
chain,dependency,edit-all,1000,legacy,1,1,298.19999998807907,1000,7,fnv1a32:f6fe7aa3,,,,,,,,12,true
chain,dependency,edit-all,1000,legacy,1,2,295.09999999403954,1000,7,fnv1a32:966010a5,,,,,,,,13,true
chain,dependency,edit-all,1000,legacy,1,3,301.09999999403954,1000,7,fnv1a32:acaa82cf,,,,,,,,14,true
chain,dependency,edit-all,1000,legacy,1,4,296.60000002384186,1000,7,fnv1a32:8beac29f,,,,,,,,15,true
chain,dependency,edit-formula,1000,legacy,1,0,290.10000002384186,1000,7,fnv1a32:232a8bfb,,,,,,,,18,true
chain,dependency,edit-formula,1000,legacy,1,1,316.59999999403954,1000,7,fnv1a32:9d8ee373,,,,,,,,19,true
chain,dependency,edit-formula,1000,legacy,1,2,294.5,1000,7,fnv1a32:9c47d273,,,,,,,,20,true
chain,dependency,edit-formula,1000,legacy,1,3,312.59999999403954,1000,7,fnv1a32:504dd037,,,,,,,,21,true
chain,dependency,edit-formula,1000,legacy,1,4,289,1000,7,fnv1a32:aec3f71d,,,,,,,,22,true
chain,dependency,initial,1000,native,1,0,57.30000001192093,1000,7,fnv1a32:de83bfb3,,,,,,,,2,true
chain,dependency,read,1000,native,1,0,1,1000,7,fnv1a32:de83bfb3,,,,,,,,2,true
chain,dependency,read,1000,native,1,1,1.0999999940395355,1000,7,fnv1a32:de83bfb3,,,,,,,,2,true
chain,dependency,read,1000,native,1,2,1.199999988079071,1000,7,fnv1a32:de83bfb3,,,,,,,,2,true
chain,dependency,read,1000,native,1,3,1,1000,7,fnv1a32:de83bfb3,,,,,,,,2,true
chain,dependency,read,1000,native,1,4,1,1000,7,fnv1a32:de83bfb3,,,,,,,,2,true
chain,dependency,edit-cell,1000,native,1,0,8.400000005960464,1000,7,fnv1a32:4758feb3,,,,,,,,5,true
chain,dependency,edit-cell,1000,native,1,1,9.100000023841858,1000,7,fnv1a32:f1ca6f59,,,,,,,,6,true
chain,dependency,edit-cell,1000,native,1,2,9,1000,7,fnv1a32:7c9c6355,,,,,,,,7,true
chain,dependency,edit-cell,1000,native,1,3,8.799999982118607,1000,7,fnv1a32:682471b1,,,,,,,,8,true
chain,dependency,edit-cell,1000,native,1,4,7.600000023841858,1000,7,fnv1a32:d3f37f49,,,,,,,,9,true
chain,dependency,edit-all,1000,native,1,0,18,1000,7,fnv1a32:766c036f,,,,,,,,3009,true
chain,dependency,edit-all,1000,native,1,1,17.399999976158142,1000,7,fnv1a32:f6fe7aa3,,,,,,,,4009,true
chain,dependency,edit-all,1000,native,1,2,14.5,1000,7,fnv1a32:966010a5,,,,,,,,5009,true
chain,dependency,edit-all,1000,native,1,3,14.299999982118607,1000,7,fnv1a32:acaa82cf,,,,,,,,6009,true
chain,dependency,edit-all,1000,native,1,4,12.099999994039536,1000,7,fnv1a32:8beac29f,,,,,,,,7009,true
chain,dependency,edit-formula,1000,native,1,0,9.300000011920929,1000,7,fnv1a32:232a8bfb,,,,,,,,7012,true
chain,dependency,edit-formula,1000,native,1,1,9.099999994039536,1000,7,fnv1a32:9d8ee373,,,,,,,,7013,true
chain,dependency,edit-formula,1000,native,1,2,8.699999988079071,1000,7,fnv1a32:9c47d273,,,,,,,,7014,true
chain,dependency,edit-formula,1000,native,1,3,8.199999988079071,1000,7,fnv1a32:504dd037,,,,,,,,7015,true
chain,dependency,edit-formula,1000,native,1,4,6.9000000059604645,1000,7,fnv1a32:aec3f71d,,,,,,,,7016,true
chain,dependency,initial,1000,native,2,0,58.900000005960464,1000,7,fnv1a32:de83bfb3,,,,,,,,2,true
chain,dependency,read,1000,native,2,0,1.0999999940395355,1000,7,fnv1a32:de83bfb3,,,,,,,,2,true
chain,dependency,read,1000,native,2,1,1.199999988079071,1000,7,fnv1a32:de83bfb3,,,,,,,,2,true
chain,dependency,read,1000,native,2,2,1.2000000178813934,1000,7,fnv1a32:de83bfb3,,,,,,,,2,true
chain,dependency,read,1000,native,2,3,1.199999988079071,1000,7,fnv1a32:de83bfb3,,,,,,,,2,true
chain,dependency,read,1000,native,2,4,1.4000000059604645,1000,7,fnv1a32:de83bfb3,,,,,,,,2,true
chain,dependency,edit-cell,1000,native,2,0,7.9000000059604645,1000,7,fnv1a32:4758feb3,,,,,,,,5,true
chain,dependency,edit-cell,1000,native,2,1,9.400000005960464,1000,7,fnv1a32:f1ca6f59,,,,,,,,6,true
chain,dependency,edit-cell,1000,native,2,2,7.700000017881393,1000,7,fnv1a32:7c9c6355,,,,,,,,7,true
chain,dependency,edit-cell,1000,native,2,3,9.099999994039536,1000,7,fnv1a32:682471b1,,,,,,,,8,true
chain,dependency,edit-cell,1000,native,2,4,7.300000011920929,1000,7,fnv1a32:d3f37f49,,,,,,,,9,true
chain,dependency,edit-all,1000,native,2,0,12.900000005960464,1000,7,fnv1a32:766c036f,,,,,,,,3009,true
chain,dependency,edit-all,1000,native,2,1,15.099999994039536,1000,7,fnv1a32:f6fe7aa3,,,,,,,,4009,true
chain,dependency,edit-all,1000,native,2,2,14.900000005960464,1000,7,fnv1a32:966010a5,,,,,,,,5009,true
chain,dependency,edit-all,1000,native,2,3,13.599999994039536,1000,7,fnv1a32:acaa82cf,,,,,,,,6009,true
chain,dependency,edit-all,1000,native,2,4,19,1000,7,fnv1a32:8beac29f,,,,,,,,7009,true
chain,dependency,edit-formula,1000,native,2,0,17.099999994039536,1000,7,fnv1a32:232a8bfb,,,,,,,,7012,true
chain,dependency,edit-formula,1000,native,2,1,16.900000005960464,1000,7,fnv1a32:9d8ee373,,,,,,,,7013,true
chain,dependency,edit-formula,1000,native,2,2,25,1000,7,fnv1a32:9c47d273,,,,,,,,7014,true
chain,dependency,edit-formula,1000,native,2,3,20.80000001192093,1000,7,fnv1a32:504dd037,,,,,,,,7015,true
chain,dependency,edit-formula,1000,native,2,4,10.900000005960464,1000,7,fnv1a32:aec3f71d,,,,,,,,7016,true
chain,dependency,initial,1000,legacy,2,0,380.69999998807907,1000,7,fnv1a32:de83bfb3,,,,,,,,1,true
chain,dependency,read,1000,legacy,2,0,333,1000,7,fnv1a32:de83bfb3,,,,,,,,1,true
chain,dependency,read,1000,legacy,2,1,321.2000000178814,1000,7,fnv1a32:de83bfb3,,,,,,,,1,true
chain,dependency,read,1000,legacy,2,2,305.10000002384186,1000,7,fnv1a32:de83bfb3,,,,,,,,1,true
chain,dependency,read,1000,legacy,2,3,316.89999997615814,1000,7,fnv1a32:de83bfb3,,,,,,,,1,true
chain,dependency,read,1000,legacy,2,4,304.2000000178814,1000,7,fnv1a32:de83bfb3,,,,,,,,1,true
chain,dependency,edit-cell,1000,legacy,2,0,317.59999999403954,1000,7,fnv1a32:4758feb3,,,,,,,,4,true
chain,dependency,edit-cell,1000,legacy,2,1,305.2999999821186,1000,7,fnv1a32:f1ca6f59,,,,,,,,5,true
chain,dependency,edit-cell,1000,legacy,2,2,305,1000,7,fnv1a32:7c9c6355,,,,,,,,6,true
chain,dependency,edit-cell,1000,legacy,2,3,316.30000001192093,1000,7,fnv1a32:682471b1,,,,,,,,7,true
chain,dependency,edit-cell,1000,legacy,2,4,305.69999998807907,1000,7,fnv1a32:d3f37f49,,,,,,,,8,true
chain,dependency,edit-all,1000,legacy,2,0,315.39999997615814,1000,7,fnv1a32:766c036f,,,,,,,,11,true
chain,dependency,edit-all,1000,legacy,2,1,312.7000000178814,1000,7,fnv1a32:f6fe7aa3,,,,,,,,12,true
chain,dependency,edit-all,1000,legacy,2,2,340.30000001192093,1000,7,fnv1a32:966010a5,,,,,,,,13,true
chain,dependency,edit-all,1000,legacy,2,3,323.80000001192093,1000,7,fnv1a32:acaa82cf,,,,,,,,14,true
chain,dependency,edit-all,1000,legacy,2,4,317.5,1000,7,fnv1a32:8beac29f,,,,,,,,15,true
chain,dependency,edit-formula,1000,legacy,2,0,321.59999999403954,1000,7,fnv1a32:232a8bfb,,,,,,,,18,true
chain,dependency,edit-formula,1000,legacy,2,1,305.40000000596046,1000,7,fnv1a32:9d8ee373,,,,,,,,19,true
chain,dependency,edit-formula,1000,legacy,2,2,335.60000002384186,1000,7,fnv1a32:9c47d273,,,,,,,,20,true
chain,dependency,edit-formula,1000,legacy,2,3,309.40000000596046,1000,7,fnv1a32:504dd037,,,,,,,,21,true
chain,dependency,edit-formula,1000,legacy,2,4,328.90000000596046,1000,7,fnv1a32:aec3f71d,,,,,,,,22,true
chain,dependency,initial,1000,legacy,3,0,365.7999999821186,1000,7,fnv1a32:de83bfb3,,,,,,,,1,true
chain,dependency,read,1000,legacy,3,0,299.7000000178814,1000,7,fnv1a32:de83bfb3,,,,,,,,1,true
chain,dependency,read,1000,legacy,3,1,306.09999999403954,1000,7,fnv1a32:de83bfb3,,,,,,,,1,true
chain,dependency,read,1000,legacy,3,2,296.2999999821186,1000,7,fnv1a32:de83bfb3,,,,,,,,1,true
chain,dependency,read,1000,legacy,3,3,301.89999997615814,1000,7,fnv1a32:de83bfb3,,,,,,,,1,true
chain,dependency,read,1000,legacy,3,4,298,1000,7,fnv1a32:de83bfb3,,,,,,,,1,true
chain,dependency,edit-cell,1000,legacy,3,0,293.69999998807907,1000,7,fnv1a32:4758feb3,,,,,,,,4,true
chain,dependency,edit-cell,1000,legacy,3,1,299.80000001192093,1000,7,fnv1a32:f1ca6f59,,,,,,,,5,true
chain,dependency,edit-cell,1000,legacy,3,2,289.69999998807907,1000,7,fnv1a32:7c9c6355,,,,,,,,6,true
chain,dependency,edit-cell,1000,legacy,3,3,291.7000000178814,1000,7,fnv1a32:682471b1,,,,,,,,7,true
chain,dependency,edit-cell,1000,legacy,3,4,292.2000000178814,1000,7,fnv1a32:d3f37f49,,,,,,,,8,true
chain,dependency,edit-all,1000,legacy,3,0,298.59999999403954,1000,7,fnv1a32:766c036f,,,,,,,,11,true
chain,dependency,edit-all,1000,legacy,3,1,306.40000000596046,1000,7,fnv1a32:f6fe7aa3,,,,,,,,12,true
chain,dependency,edit-all,1000,legacy,3,2,298.59999999403954,1000,7,fnv1a32:966010a5,,,,,,,,13,true
chain,dependency,edit-all,1000,legacy,3,3,301.2000000178814,1000,7,fnv1a32:acaa82cf,,,,,,,,14,true
chain,dependency,edit-all,1000,legacy,3,4,303.19999998807907,1000,7,fnv1a32:8beac29f,,,,,,,,15,true
chain,dependency,edit-formula,1000,legacy,3,0,299,1000,7,fnv1a32:232a8bfb,,,,,,,,18,true
chain,dependency,edit-formula,1000,legacy,3,1,313.7000000178814,1000,7,fnv1a32:9d8ee373,,,,,,,,19,true
chain,dependency,edit-formula,1000,legacy,3,2,291.09999999403954,1000,7,fnv1a32:9c47d273,,,,,,,,20,true
chain,dependency,edit-formula,1000,legacy,3,3,332.39999997615814,1000,7,fnv1a32:504dd037,,,,,,,,21,true
chain,dependency,edit-formula,1000,legacy,3,4,292.90000000596046,1000,7,fnv1a32:aec3f71d,,,,,,,,22,true
chain,dependency,initial,1000,native,3,0,57.80000001192093,1000,7,fnv1a32:de83bfb3,,,,,,,,2,true
chain,dependency,read,1000,native,3,0,1.199999988079071,1000,7,fnv1a32:de83bfb3,,,,,,,,2,true
chain,dependency,read,1000,native,3,1,1.199999988079071,1000,7,fnv1a32:de83bfb3,,,,,,,,2,true
chain,dependency,read,1000,native,3,2,1.199999988079071,1000,7,fnv1a32:de83bfb3,,,,,,,,2,true
chain,dependency,read,1000,native,3,3,1.0999999940395355,1000,7,fnv1a32:de83bfb3,,,,,,,,2,true
chain,dependency,read,1000,native,3,4,1.2999999821186066,1000,7,fnv1a32:de83bfb3,,,,,,,,2,true
chain,dependency,edit-cell,1000,native,3,0,8.199999988079071,1000,7,fnv1a32:4758feb3,,,,,,,,5,true
chain,dependency,edit-cell,1000,native,3,1,8.5,1000,7,fnv1a32:f1ca6f59,,,,,,,,6,true
chain,dependency,edit-cell,1000,native,3,2,8.400000005960464,1000,7,fnv1a32:7c9c6355,,,,,,,,7,true
chain,dependency,edit-cell,1000,native,3,3,7.800000011920929,1000,7,fnv1a32:682471b1,,,,,,,,8,true
chain,dependency,edit-cell,1000,native,3,4,8,1000,7,fnv1a32:d3f37f49,,,,,,,,9,true
chain,dependency,edit-all,1000,native,3,0,19.19999998807907,1000,7,fnv1a32:766c036f,,,,,,,,3009,true
chain,dependency,edit-all,1000,native,3,1,14.099999994039536,1000,7,fnv1a32:f6fe7aa3,,,,,,,,4009,true
chain,dependency,edit-all,1000,native,3,2,16.299999982118607,1000,7,fnv1a32:966010a5,,,,,,,,5009,true
chain,dependency,edit-all,1000,native,3,3,12.699999988079071,1000,7,fnv1a32:acaa82cf,,,,,,,,6009,true
chain,dependency,edit-all,1000,native,3,4,10.5,1000,7,fnv1a32:8beac29f,,,,,,,,7009,true
chain,dependency,edit-formula,1000,native,3,0,7.799999982118607,1000,7,fnv1a32:232a8bfb,,,,,,,,7012,true
chain,dependency,edit-formula,1000,native,3,1,8.599999994039536,1000,7,fnv1a32:9d8ee373,,,,,,,,7013,true
chain,dependency,edit-formula,1000,native,3,2,7.5999999940395355,1000,7,fnv1a32:9c47d273,,,,,,,,7014,true
chain,dependency,edit-formula,1000,native,3,3,7.800000011920929,1000,7,fnv1a32:504dd037,,,,,,,,7015,true
chain,dependency,edit-formula,1000,native,3,4,7.5999999940395355,1000,7,fnv1a32:aec3f71d,,,,,,,,7016,true
chain,dependency,initial,1000,native,4,0,58.30000001192093,1000,7,fnv1a32:de83bfb3,,,,,,,,2,true
chain,dependency,read,1000,native,4,0,1.300000011920929,1000,7,fnv1a32:de83bfb3,,,,,,,,2,true
chain,dependency,read,1000,native,4,1,1.0999999940395355,1000,7,fnv1a32:de83bfb3,,,,,,,,2,true
chain,dependency,read,1000,native,4,2,1.0999999940395355,1000,7,fnv1a32:de83bfb3,,,,,,,,2,true
chain,dependency,read,1000,native,4,3,1.0999999940395355,1000,7,fnv1a32:de83bfb3,,,,,,,,2,true
chain,dependency,read,1000,native,4,4,1,1000,7,fnv1a32:de83bfb3,,,,,,,,2,true
chain,dependency,edit-cell,1000,native,4,0,8.900000005960464,1000,7,fnv1a32:4758feb3,,,,,,,,5,true
chain,dependency,edit-cell,1000,native,4,1,8.299999982118607,1000,7,fnv1a32:f1ca6f59,,,,,,,,6,true
chain,dependency,edit-cell,1000,native,4,2,9.699999988079071,1000,7,fnv1a32:7c9c6355,,,,,,,,7,true
chain,dependency,edit-cell,1000,native,4,3,8.099999994039536,1000,7,fnv1a32:682471b1,,,,,,,,8,true
chain,dependency,edit-cell,1000,native,4,4,9.300000011920929,1000,7,fnv1a32:d3f37f49,,,,,,,,9,true
chain,dependency,edit-all,1000,native,4,0,18.69999998807907,1000,7,fnv1a32:766c036f,,,,,,,,3009,true
chain,dependency,edit-all,1000,native,4,1,16.100000023841858,1000,7,fnv1a32:f6fe7aa3,,,,,,,,4009,true
chain,dependency,edit-all,1000,native,4,2,16.80000001192093,1000,7,fnv1a32:966010a5,,,,,,,,5009,true
chain,dependency,edit-all,1000,native,4,3,12.099999994039536,1000,7,fnv1a32:acaa82cf,,,,,,,,6009,true
chain,dependency,edit-all,1000,native,4,4,14.099999994039536,1000,7,fnv1a32:8beac29f,,,,,,,,7009,true
chain,dependency,edit-formula,1000,native,4,0,7.9000000059604645,1000,7,fnv1a32:232a8bfb,,,,,,,,7012,true
chain,dependency,edit-formula,1000,native,4,1,9,1000,7,fnv1a32:9d8ee373,,,,,,,,7013,true
chain,dependency,edit-formula,1000,native,4,2,8.199999988079071,1000,7,fnv1a32:9c47d273,,,,,,,,7014,true
chain,dependency,edit-formula,1000,native,4,3,8.799999982118607,1000,7,fnv1a32:504dd037,,,,,,,,7015,true
chain,dependency,edit-formula,1000,native,4,4,7.4000000059604645,1000,7,fnv1a32:aec3f71d,,,,,,,,7016,true
chain,dependency,initial,1000,legacy,4,0,333.5,1000,7,fnv1a32:de83bfb3,,,,,,,,1,true
chain,dependency,read,1000,legacy,4,0,296.19999998807907,1000,7,fnv1a32:de83bfb3,,,,,,,,1,true
chain,dependency,read,1000,legacy,4,1,297.5,1000,7,fnv1a32:de83bfb3,,,,,,,,1,true
chain,dependency,read,1000,legacy,4,2,295.2999999821186,1000,7,fnv1a32:de83bfb3,,,,,,,,1,true
chain,dependency,read,1000,legacy,4,3,298.59999999403954,1000,7,fnv1a32:de83bfb3,,,,,,,,1,true
chain,dependency,read,1000,legacy,4,4,293.60000002384186,1000,7,fnv1a32:de83bfb3,,,,,,,,1,true
chain,dependency,edit-cell,1000,legacy,4,0,292.5,1000,7,fnv1a32:4758feb3,,,,,,,,4,true
chain,dependency,edit-cell,1000,legacy,4,1,293.09999999403954,1000,7,fnv1a32:f1ca6f59,,,,,,,,5,true
chain,dependency,edit-cell,1000,legacy,4,2,308.7999999821186,1000,7,fnv1a32:7c9c6355,,,,,,,,6,true
chain,dependency,edit-cell,1000,legacy,4,3,293.19999998807907,1000,7,fnv1a32:682471b1,,,,,,,,7,true
chain,dependency,edit-cell,1000,legacy,4,4,291.5,1000,7,fnv1a32:d3f37f49,,,,,,,,8,true
chain,dependency,edit-all,1000,legacy,4,0,293.59999999403954,1000,7,fnv1a32:766c036f,,,,,,,,11,true
chain,dependency,edit-all,1000,legacy,4,1,294.09999999403954,1000,7,fnv1a32:f6fe7aa3,,,,,,,,12,true
chain,dependency,edit-all,1000,legacy,4,2,294.5,1000,7,fnv1a32:966010a5,,,,,,,,13,true
chain,dependency,edit-all,1000,legacy,4,3,301.60000002384186,1000,7,fnv1a32:acaa82cf,,,,,,,,14,true
chain,dependency,edit-all,1000,legacy,4,4,298.30000001192093,1000,7,fnv1a32:8beac29f,,,,,,,,15,true
chain,dependency,edit-formula,1000,legacy,4,0,292,1000,7,fnv1a32:232a8bfb,,,,,,,,18,true
chain,dependency,edit-formula,1000,legacy,4,1,331.69999998807907,1000,7,fnv1a32:9d8ee373,,,,,,,,19,true
chain,dependency,edit-formula,1000,legacy,4,2,305.40000000596046,1000,7,fnv1a32:9c47d273,,,,,,,,20,true
chain,dependency,edit-formula,1000,legacy,4,3,319.5,1000,7,fnv1a32:504dd037,,,,,,,,21,true
chain,dependency,edit-formula,1000,legacy,4,4,296.5,1000,7,fnv1a32:aec3f71d,,,,,,,,22,true
chain,dependency,initial,10000,legacy,0,0,3189.699999988079,10000,7,fnv1a32:5e4c10b9,,,,,,,,1,true
chain,dependency,read,10000,legacy,0,0,3117.800000011921,10000,7,fnv1a32:5e4c10b9,,,,,,,,1,true
chain,dependency,read,10000,legacy,0,1,3035.9000000059605,10000,7,fnv1a32:5e4c10b9,,,,,,,,1,true
chain,dependency,read,10000,legacy,0,2,3013.5999999940395,10000,7,fnv1a32:5e4c10b9,,,,,,,,1,true
chain,dependency,read,10000,legacy,0,3,3041,10000,7,fnv1a32:5e4c10b9,,,,,,,,1,true
chain,dependency,read,10000,legacy,0,4,3086.2000000178814,10000,7,fnv1a32:5e4c10b9,,,,,,,,1,true
chain,dependency,edit-cell,10000,legacy,0,0,2987.800000011921,10000,7,fnv1a32:58e9c7b9,,,,,,,,4,true
chain,dependency,edit-cell,10000,legacy,0,1,3089.7999999821186,10000,7,fnv1a32:562a1a7f,,,,,,,,5,true
chain,dependency,edit-cell,10000,legacy,0,2,3011.699999988079,10000,7,fnv1a32:d889c9eb,,,,,,,,6,true
chain,dependency,edit-cell,10000,legacy,0,3,3037.4000000059605,10000,7,fnv1a32:6eaf5297,,,,,,,,7,true
chain,dependency,edit-cell,10000,legacy,0,4,3012.199999988079,10000,7,fnv1a32:f9c8c7af,,,,,,,,8,true
chain,dependency,edit-all,10000,legacy,0,0,3096.5,10000,7,fnv1a32:b9610b15,,,,,,,,11,true
chain,dependency,edit-all,10000,legacy,0,1,3157.5999999940395,10000,7,fnv1a32:c2688507,,,,,,,,12,true
chain,dependency,edit-all,10000,legacy,0,2,3098.7000000178814,10000,7,fnv1a32:dfc20f0b,,,,,,,,13,true
chain,dependency,edit-all,10000,legacy,0,3,3215.699999988079,10000,7,fnv1a32:1cbef9ed,,,,,,,,14,true
chain,dependency,edit-all,10000,legacy,0,4,3106.5,10000,7,fnv1a32:32720aff,,,,,,,,15,true
chain,dependency,edit-formula,10000,legacy,0,0,3069.2999999821186,10000,7,fnv1a32:08cb73d7,,,,,,,,18,true
chain,dependency,edit-formula,10000,legacy,0,1,3057,10000,7,fnv1a32:305f915f,,,,,,,,19,true
chain,dependency,edit-formula,10000,legacy,0,2,3049.899999976158,10000,7,fnv1a32:97431a49,,,,,,,,20,true
chain,dependency,edit-formula,10000,legacy,0,3,3069.9000000059605,10000,7,fnv1a32:f4fb20b5,,,,,,,,21,true
chain,dependency,edit-formula,10000,legacy,0,4,3037.7999999821186,10000,7,fnv1a32:57cc1175,,,,,,,,22,true
chain,dependency,initial,10000,native,0,0,178.5,10000,7,fnv1a32:5e4c10b9,,,,,,,,2,true
chain,dependency,read,10000,native,0,0,13,10000,7,fnv1a32:5e4c10b9,,,,,,,,2,true
chain,dependency,read,10000,native,0,1,13.700000017881393,10000,7,fnv1a32:5e4c10b9,,,,,,,,2,true
chain,dependency,read,10000,native,0,2,14.699999988079071,10000,7,fnv1a32:5e4c10b9,,,,,,,,2,true
chain,dependency,read,10000,native,0,3,12.799999982118607,10000,7,fnv1a32:5e4c10b9,,,,,,,,2,true
chain,dependency,read,10000,native,0,4,13.199999988079071,10000,7,fnv1a32:5e4c10b9,,,,,,,,2,true
chain,dependency,edit-cell,10000,native,0,0,84.5,10000,7,fnv1a32:58e9c7b9,,,,,,,,5,true
chain,dependency,edit-cell,10000,native,0,1,79.09999999403954,10000,7,fnv1a32:562a1a7f,,,,,,,,6,true
chain,dependency,edit-cell,10000,native,0,2,77.2999999821186,10000,7,fnv1a32:d889c9eb,,,,,,,,7,true
chain,dependency,edit-cell,10000,native,0,3,78.7999999821186,10000,7,fnv1a32:6eaf5297,,,,,,,,8,true
chain,dependency,edit-cell,10000,native,0,4,87.90000000596046,10000,7,fnv1a32:f9c8c7af,,,,,,,,9,true
chain,dependency,edit-all,10000,native,0,0,160.39999997615814,10000,7,fnv1a32:b9610b15,,,,,,,,30009,true
chain,dependency,edit-all,10000,native,0,1,154.7999999821186,10000,7,fnv1a32:c2688507,,,,,,,,40009,true
chain,dependency,edit-all,10000,native,0,2,158.7999999821186,10000,7,fnv1a32:dfc20f0b,,,,,,,,50009,true
chain,dependency,edit-all,10000,native,0,3,165.40000000596046,10000,7,fnv1a32:1cbef9ed,,,,,,,,60009,true
chain,dependency,edit-all,10000,native,0,4,164.80000001192093,10000,7,fnv1a32:32720aff,,,,,,,,70009,true
chain,dependency,edit-formula,10000,native,0,0,79.30000001192093,10000,7,fnv1a32:08cb73d7,,,,,,,,70012,true
chain,dependency,edit-formula,10000,native,0,1,82.59999999403954,10000,7,fnv1a32:305f915f,,,,,,,,70013,true
chain,dependency,edit-formula,10000,native,0,2,85.09999999403954,10000,7,fnv1a32:97431a49,,,,,,,,70014,true
chain,dependency,edit-formula,10000,native,0,3,80.19999998807907,10000,7,fnv1a32:f4fb20b5,,,,,,,,70015,true
chain,dependency,edit-formula,10000,native,0,4,80.19999998807907,10000,7,fnv1a32:57cc1175,,,,,,,,70016,true
chain,dependency,initial,10000,native,1,0,180.80000001192093,10000,7,fnv1a32:5e4c10b9,,,,,,,,2,true
chain,dependency,read,10000,native,1,0,17.400000005960464,10000,7,fnv1a32:5e4c10b9,,,,,,,,2,true
chain,dependency,read,10000,native,1,1,14.400000005960464,10000,7,fnv1a32:5e4c10b9,,,,,,,,2,true
chain,dependency,read,10000,native,1,2,13.600000023841858,10000,7,fnv1a32:5e4c10b9,,,,,,,,2,true
chain,dependency,read,10000,native,1,3,12.400000005960464,10000,7,fnv1a32:5e4c10b9,,,,,,,,2,true
chain,dependency,read,10000,native,1,4,12.5,10000,7,fnv1a32:5e4c10b9,,,,,,,,2,true
chain,dependency,edit-cell,10000,native,1,0,82.09999999403954,10000,7,fnv1a32:58e9c7b9,,,,,,,,5,true
chain,dependency,edit-cell,10000,native,1,1,77.60000002384186,10000,7,fnv1a32:562a1a7f,,,,,,,,6,true
chain,dependency,edit-cell,10000,native,1,2,73.59999999403954,10000,7,fnv1a32:d889c9eb,,,,,,,,7,true
chain,dependency,edit-cell,10000,native,1,3,90.39999997615814,10000,7,fnv1a32:6eaf5297,,,,,,,,8,true
chain,dependency,edit-cell,10000,native,1,4,90.59999999403954,10000,7,fnv1a32:f9c8c7af,,,,,,,,9,true
chain,dependency,edit-all,10000,native,1,0,161.69999998807907,10000,7,fnv1a32:b9610b15,,,,,,,,30009,true
chain,dependency,edit-all,10000,native,1,1,155.59999999403954,10000,7,fnv1a32:c2688507,,,,,,,,40009,true
chain,dependency,edit-all,10000,native,1,2,160.40000000596046,10000,7,fnv1a32:dfc20f0b,,,,,,,,50009,true
chain,dependency,edit-all,10000,native,1,3,169.7000000178814,10000,7,fnv1a32:1cbef9ed,,,,,,,,60009,true
chain,dependency,edit-all,10000,native,1,4,164.80000001192093,10000,7,fnv1a32:32720aff,,,,,,,,70009,true
chain,dependency,edit-formula,10000,native,1,0,78.39999997615814,10000,7,fnv1a32:08cb73d7,,,,,,,,70012,true
chain,dependency,edit-formula,10000,native,1,1,79.90000000596046,10000,7,fnv1a32:305f915f,,,,,,,,70013,true
chain,dependency,edit-formula,10000,native,1,2,76.19999998807907,10000,7,fnv1a32:97431a49,,,,,,,,70014,true
chain,dependency,edit-formula,10000,native,1,3,89.5,10000,7,fnv1a32:f4fb20b5,,,,,,,,70015,true
chain,dependency,edit-formula,10000,native,1,4,93.5,10000,7,fnv1a32:57cc1175,,,,,,,,70016,true
chain,dependency,initial,10000,legacy,1,0,3216.0999999940395,10000,7,fnv1a32:5e4c10b9,,,,,,,,1,true
chain,dependency,read,10000,legacy,1,0,3177,10000,7,fnv1a32:5e4c10b9,,,,,,,,1,true
chain,dependency,read,10000,legacy,1,1,3118.2000000178814,10000,7,fnv1a32:5e4c10b9,,,,,,,,1,true
chain,dependency,read,10000,legacy,1,2,3147.5999999940395,10000,7,fnv1a32:5e4c10b9,,,,,,,,1,true
chain,dependency,read,10000,legacy,1,3,3081.0999999940395,10000,7,fnv1a32:5e4c10b9,,,,,,,,1,true
chain,dependency,read,10000,legacy,1,4,2996.9000000059605,10000,7,fnv1a32:5e4c10b9,,,,,,,,1,true
chain,dependency,edit-cell,10000,legacy,1,0,3026.300000011921,10000,7,fnv1a32:58e9c7b9,,,,,,,,4,true
chain,dependency,edit-cell,10000,legacy,1,1,3001.0999999940395,10000,7,fnv1a32:562a1a7f,,,,,,,,5,true
chain,dependency,edit-cell,10000,legacy,1,2,3024.5999999940395,10000,7,fnv1a32:d889c9eb,,,,,,,,6,true
chain,dependency,edit-cell,10000,legacy,1,3,3062.199999988079,10000,7,fnv1a32:6eaf5297,,,,,,,,7,true
chain,dependency,edit-cell,10000,legacy,1,4,3054.800000011921,10000,7,fnv1a32:f9c8c7af,,,,,,,,8,true
chain,dependency,edit-all,10000,legacy,1,0,3139.600000023842,10000,7,fnv1a32:b9610b15,,,,,,,,11,true
chain,dependency,edit-all,10000,legacy,1,1,3138.5,10000,7,fnv1a32:c2688507,,,,,,,,12,true
chain,dependency,edit-all,10000,legacy,1,2,3072.399999976158,10000,7,fnv1a32:dfc20f0b,,,,,,,,13,true
chain,dependency,edit-all,10000,legacy,1,3,4650.299999982119,10000,7,fnv1a32:1cbef9ed,,,,,,,,14,true
chain,dependency,edit-all,10000,legacy,1,4,3290,10000,7,fnv1a32:32720aff,,,,,,,,15,true
chain,dependency,edit-formula,10000,legacy,1,0,3961.4000000059605,10000,7,fnv1a32:08cb73d7,,,,,,,,18,true
chain,dependency,edit-formula,10000,legacy,1,1,3976.800000011921,10000,7,fnv1a32:305f915f,,,,,,,,19,true
chain,dependency,edit-formula,10000,legacy,1,2,3358,10000,7,fnv1a32:97431a49,,,,,,,,20,true
chain,dependency,edit-formula,10000,legacy,1,3,4296.800000011921,10000,7,fnv1a32:f4fb20b5,,,,,,,,21,true
chain,dependency,edit-formula,10000,legacy,1,4,3961.899999976158,10000,7,fnv1a32:57cc1175,,,,,,,,22,true
chain,dependency,initial,10000,legacy,2,0,4069.7999999821186,10000,7,fnv1a32:5e4c10b9,,,,,,,,1,true
chain,dependency,read,10000,legacy,2,0,3461.4000000059605,10000,7,fnv1a32:5e4c10b9,,,,,,,,1,true
chain,dependency,read,10000,legacy,2,1,3313.0999999940395,10000,7,fnv1a32:5e4c10b9,,,,,,,,1,true
chain,dependency,read,10000,legacy,2,2,3652.5,10000,7,fnv1a32:5e4c10b9,,,,,,,,1,true
chain,dependency,read,10000,legacy,2,3,3399.5999999940395,10000,7,fnv1a32:5e4c10b9,,,,,,,,1,true
chain,dependency,read,10000,legacy,2,4,3312.2999999821186,10000,7,fnv1a32:5e4c10b9,,,,,,,,1,true
chain,dependency,edit-cell,10000,legacy,2,0,3062.5,10000,7,fnv1a32:58e9c7b9,,,,,,,,4,true
chain,dependency,edit-cell,10000,legacy,2,1,3071.7000000178814,10000,7,fnv1a32:562a1a7f,,,,,,,,5,true
chain,dependency,edit-cell,10000,legacy,2,2,3095.7999999821186,10000,7,fnv1a32:d889c9eb,,,,,,,,6,true
chain,dependency,edit-cell,10000,legacy,2,3,3147.699999988079,10000,7,fnv1a32:6eaf5297,,,,,,,,7,true
chain,dependency,edit-cell,10000,legacy,2,4,3157.699999988079,10000,7,fnv1a32:f9c8c7af,,,,,,,,8,true
chain,dependency,edit-all,10000,legacy,2,0,3019.800000011921,10000,7,fnv1a32:b9610b15,,,,,,,,11,true
chain,dependency,edit-all,10000,legacy,2,1,3047.9000000059605,10000,7,fnv1a32:c2688507,,,,,,,,12,true
chain,dependency,edit-all,10000,legacy,2,2,3028.9000000059605,10000,7,fnv1a32:dfc20f0b,,,,,,,,13,true
chain,dependency,edit-all,10000,legacy,2,3,3102.899999976158,10000,7,fnv1a32:1cbef9ed,,,,,,,,14,true
chain,dependency,edit-all,10000,legacy,2,4,3006.199999988079,10000,7,fnv1a32:32720aff,,,,,,,,15,true
chain,dependency,edit-formula,10000,legacy,2,0,3051.0999999940395,10000,7,fnv1a32:08cb73d7,,,,,,,,18,true
chain,dependency,edit-formula,10000,legacy,2,1,3016.7000000178814,10000,7,fnv1a32:305f915f,,,,,,,,19,true
chain,dependency,edit-formula,10000,legacy,2,2,3054,10000,7,fnv1a32:97431a49,,,,,,,,20,true
chain,dependency,edit-formula,10000,legacy,2,3,2995.2999999821186,10000,7,fnv1a32:f4fb20b5,,,,,,,,21,true
chain,dependency,edit-formula,10000,legacy,2,4,2992.4000000059605,10000,7,fnv1a32:57cc1175,,,,,,,,22,true
chain,dependency,initial,10000,native,2,0,161.2000000178814,10000,7,fnv1a32:5e4c10b9,,,,,,,,2,true
chain,dependency,read,10000,native,2,0,12,10000,7,fnv1a32:5e4c10b9,,,,,,,,2,true
chain,dependency,read,10000,native,2,1,12.800000011920929,10000,7,fnv1a32:5e4c10b9,,,,,,,,2,true
chain,dependency,read,10000,native,2,2,12.5,10000,7,fnv1a32:5e4c10b9,,,,,,,,2,true
chain,dependency,read,10000,native,2,3,11.699999988079071,10000,7,fnv1a32:5e4c10b9,,,,,,,,2,true
chain,dependency,read,10000,native,2,4,11.400000005960464,10000,7,fnv1a32:5e4c10b9,,,,,,,,2,true
chain,dependency,edit-cell,10000,native,2,0,70,10000,7,fnv1a32:58e9c7b9,,,,,,,,5,true
chain,dependency,edit-cell,10000,native,2,1,70.30000001192093,10000,7,fnv1a32:562a1a7f,,,,,,,,6,true
chain,dependency,edit-cell,10000,native,2,2,67.5,10000,7,fnv1a32:d889c9eb,,,,,,,,7,true
chain,dependency,edit-cell,10000,native,2,3,82.5,10000,7,fnv1a32:6eaf5297,,,,,,,,8,true
chain,dependency,edit-cell,10000,native,2,4,67.90000000596046,10000,7,fnv1a32:f9c8c7af,,,,,,,,9,true
chain,dependency,edit-all,10000,native,2,0,212.59999999403954,10000,7,fnv1a32:b9610b15,,,,,,,,30009,true
chain,dependency,edit-all,10000,native,2,1,349.80000001192093,10000,7,fnv1a32:c2688507,,,,,,,,40009,true
chain,dependency,edit-all,10000,native,2,2,194.80000001192093,10000,7,fnv1a32:dfc20f0b,,,,,,,,50009,true
chain,dependency,edit-all,10000,native,2,3,185,10000,7,fnv1a32:1cbef9ed,,,,,,,,60009,true
chain,dependency,edit-all,10000,native,2,4,149.40000000596046,10000,7,fnv1a32:32720aff,,,,,,,,70009,true
chain,dependency,edit-formula,10000,native,2,0,80.69999998807907,10000,7,fnv1a32:08cb73d7,,,,,,,,70012,true
chain,dependency,edit-formula,10000,native,2,1,73.2999999821186,10000,7,fnv1a32:305f915f,,,,,,,,70013,true
chain,dependency,edit-formula,10000,native,2,2,83.5,10000,7,fnv1a32:97431a49,,,,,,,,70014,true
chain,dependency,edit-formula,10000,native,2,3,73.90000000596046,10000,7,fnv1a32:f4fb20b5,,,,,,,,70015,true
chain,dependency,edit-formula,10000,native,2,4,73.30000001192093,10000,7,fnv1a32:57cc1175,,,,,,,,70016,true
chain,dependency,initial,10000,native,3,0,193.2999999821186,10000,7,fnv1a32:5e4c10b9,,,,,,,,2,true
chain,dependency,read,10000,native,3,0,12.5,10000,7,fnv1a32:5e4c10b9,,,,,,,,2,true
chain,dependency,read,10000,native,3,1,14,10000,7,fnv1a32:5e4c10b9,,,,,,,,2,true
chain,dependency,read,10000,native,3,2,13.200000017881393,10000,7,fnv1a32:5e4c10b9,,,,,,,,2,true
chain,dependency,read,10000,native,3,3,11.900000005960464,10000,7,fnv1a32:5e4c10b9,,,,,,,,2,true
chain,dependency,read,10000,native,3,4,11.900000005960464,10000,7,fnv1a32:5e4c10b9,,,,,,,,2,true
chain,dependency,edit-cell,10000,native,3,0,78.59999999403954,10000,7,fnv1a32:58e9c7b9,,,,,,,,5,true
chain,dependency,edit-cell,10000,native,3,1,74.09999999403954,10000,7,fnv1a32:562a1a7f,,,,,,,,6,true
chain,dependency,edit-cell,10000,native,3,2,71.5,10000,7,fnv1a32:d889c9eb,,,,,,,,7,true
chain,dependency,edit-cell,10000,native,3,3,90,10000,7,fnv1a32:6eaf5297,,,,,,,,8,true
chain,dependency,edit-cell,10000,native,3,4,80.90000000596046,10000,7,fnv1a32:f9c8c7af,,,,,,,,9,true
chain,dependency,edit-all,10000,native,3,0,147.10000002384186,10000,7,fnv1a32:b9610b15,,,,,,,,30009,true
chain,dependency,edit-all,10000,native,3,1,137,10000,7,fnv1a32:c2688507,,,,,,,,40009,true
chain,dependency,edit-all,10000,native,3,2,135,10000,7,fnv1a32:dfc20f0b,,,,,,,,50009,true
chain,dependency,edit-all,10000,native,3,3,136.39999997615814,10000,7,fnv1a32:1cbef9ed,,,,,,,,60009,true
chain,dependency,edit-all,10000,native,3,4,139.7000000178814,10000,7,fnv1a32:32720aff,,,,,,,,70009,true
chain,dependency,edit-formula,10000,native,3,0,80.2000000178814,10000,7,fnv1a32:08cb73d7,,,,,,,,70012,true
chain,dependency,edit-formula,10000,native,3,1,74,10000,7,fnv1a32:305f915f,,,,,,,,70013,true
chain,dependency,edit-formula,10000,native,3,2,74.5,10000,7,fnv1a32:97431a49,,,,,,,,70014,true
chain,dependency,edit-formula,10000,native,3,3,71.09999999403954,10000,7,fnv1a32:f4fb20b5,,,,,,,,70015,true
chain,dependency,edit-formula,10000,native,3,4,81.2000000178814,10000,7,fnv1a32:57cc1175,,,,,,,,70016,true
chain,dependency,initial,10000,legacy,3,0,3125.2999999821186,10000,7,fnv1a32:5e4c10b9,,,,,,,,1,true
chain,dependency,read,10000,legacy,3,0,2964,10000,7,fnv1a32:5e4c10b9,,,,,,,,1,true
chain,dependency,read,10000,legacy,3,1,2936.7999999821186,10000,7,fnv1a32:5e4c10b9,,,,,,,,1,true
chain,dependency,read,10000,legacy,3,2,3006.699999988079,10000,7,fnv1a32:5e4c10b9,,,,,,,,1,true
chain,dependency,read,10000,legacy,3,3,3000,10000,7,fnv1a32:5e4c10b9,,,,,,,,1,true
chain,dependency,read,10000,legacy,3,4,2944,10000,7,fnv1a32:5e4c10b9,,,,,,,,1,true
chain,dependency,edit-cell,10000,legacy,3,0,2950.5999999940395,10000,7,fnv1a32:58e9c7b9,,,,,,,,4,true
chain,dependency,edit-cell,10000,legacy,3,1,2968.4000000059605,10000,7,fnv1a32:562a1a7f,,,,,,,,5,true
chain,dependency,edit-cell,10000,legacy,3,2,2928.2999999821186,10000,7,fnv1a32:d889c9eb,,,,,,,,6,true
chain,dependency,edit-cell,10000,legacy,3,3,2932.0999999940395,10000,7,fnv1a32:6eaf5297,,,,,,,,7,true
chain,dependency,edit-cell,10000,legacy,3,4,2927.300000011921,10000,7,fnv1a32:f9c8c7af,,,,,,,,8,true
chain,dependency,edit-all,10000,legacy,3,0,2985.5,10000,7,fnv1a32:b9610b15,,,,,,,,11,true
chain,dependency,edit-all,10000,legacy,3,1,3010.300000011921,10000,7,fnv1a32:c2688507,,,,,,,,12,true
chain,dependency,edit-all,10000,legacy,3,2,3053.4000000059605,10000,7,fnv1a32:dfc20f0b,,,,,,,,13,true
chain,dependency,edit-all,10000,legacy,3,3,3023.9000000059605,10000,7,fnv1a32:1cbef9ed,,,,,,,,14,true
chain,dependency,edit-all,10000,legacy,3,4,3023.7999999821186,10000,7,fnv1a32:32720aff,,,,,,,,15,true
chain,dependency,edit-formula,10000,legacy,3,0,2941.699999988079,10000,7,fnv1a32:08cb73d7,,,,,,,,18,true
chain,dependency,edit-formula,10000,legacy,3,1,2983.5999999940395,10000,7,fnv1a32:305f915f,,,,,,,,19,true
chain,dependency,edit-formula,10000,legacy,3,2,3019,10000,7,fnv1a32:97431a49,,,,,,,,20,true
chain,dependency,edit-formula,10000,legacy,3,3,2930.9000000059605,10000,7,fnv1a32:f4fb20b5,,,,,,,,21,true
chain,dependency,edit-formula,10000,legacy,3,4,2966.199999988079,10000,7,fnv1a32:57cc1175,,,,,,,,22,true
chain,dependency,initial,10000,legacy,4,0,2993.5,10000,7,fnv1a32:5e4c10b9,,,,,,,,1,true
chain,dependency,read,10000,legacy,4,0,2955.2999999821186,10000,7,fnv1a32:5e4c10b9,,,,,,,,1,true
chain,dependency,read,10000,legacy,4,1,2945.5,10000,7,fnv1a32:5e4c10b9,,,,,,,,1,true
chain,dependency,read,10000,legacy,4,2,2936.5,10000,7,fnv1a32:5e4c10b9,,,,,,,,1,true
chain,dependency,read,10000,legacy,4,3,2913.100000023842,10000,7,fnv1a32:5e4c10b9,,,,,,,,1,true
chain,dependency,read,10000,legacy,4,4,2933.9000000059605,10000,7,fnv1a32:5e4c10b9,,,,,,,,1,true
chain,dependency,edit-cell,10000,legacy,4,0,2958,10000,7,fnv1a32:58e9c7b9,,,,,,,,4,true
chain,dependency,edit-cell,10000,legacy,4,1,2897.2999999821186,10000,7,fnv1a32:562a1a7f,,,,,,,,5,true
chain,dependency,edit-cell,10000,legacy,4,2,2920.399999976158,10000,7,fnv1a32:d889c9eb,,,,,,,,6,true
chain,dependency,edit-cell,10000,legacy,4,3,2919.800000011921,10000,7,fnv1a32:6eaf5297,,,,,,,,7,true
chain,dependency,edit-cell,10000,legacy,4,4,2944.4000000059605,10000,7,fnv1a32:f9c8c7af,,,,,,,,8,true
chain,dependency,edit-all,10000,legacy,4,0,2974.5999999940395,10000,7,fnv1a32:b9610b15,,,,,,,,11,true
chain,dependency,edit-all,10000,legacy,4,1,2952.5999999940395,10000,7,fnv1a32:c2688507,,,,,,,,12,true
chain,dependency,edit-all,10000,legacy,4,2,2993.0999999940395,10000,7,fnv1a32:dfc20f0b,,,,,,,,13,true
chain,dependency,edit-all,10000,legacy,4,3,2984.4000000059605,10000,7,fnv1a32:1cbef9ed,,,,,,,,14,true
chain,dependency,edit-all,10000,legacy,4,4,2961.4000000059605,10000,7,fnv1a32:32720aff,,,,,,,,15,true
chain,dependency,edit-formula,10000,legacy,4,0,2974.300000011921,10000,7,fnv1a32:08cb73d7,,,,,,,,18,true
chain,dependency,edit-formula,10000,legacy,4,1,2902.4000000059605,10000,7,fnv1a32:305f915f,,,,,,,,19,true
chain,dependency,edit-formula,10000,legacy,4,2,2971.4000000059605,10000,7,fnv1a32:97431a49,,,,,,,,20,true
chain,dependency,edit-formula,10000,legacy,4,3,2893.5999999940395,10000,7,fnv1a32:f4fb20b5,,,,,,,,21,true
chain,dependency,edit-formula,10000,legacy,4,4,2946.699999988079,10000,7,fnv1a32:57cc1175,,,,,,,,22,true
chain,dependency,initial,10000,native,4,0,163.19999998807907,10000,7,fnv1a32:5e4c10b9,,,,,,,,2,true
chain,dependency,read,10000,native,4,0,12.699999988079071,10000,7,fnv1a32:5e4c10b9,,,,,,,,2,true
chain,dependency,read,10000,native,4,1,12.700000017881393,10000,7,fnv1a32:5e4c10b9,,,,,,,,2,true
chain,dependency,read,10000,native,4,2,13.099999994039536,10000,7,fnv1a32:5e4c10b9,,,,,,,,2,true
chain,dependency,read,10000,native,4,3,11.599999994039536,10000,7,fnv1a32:5e4c10b9,,,,,,,,2,true
chain,dependency,read,10000,native,4,4,11.699999988079071,10000,7,fnv1a32:5e4c10b9,,,,,,,,2,true
chain,dependency,edit-cell,10000,native,4,0,71.19999998807907,10000,7,fnv1a32:58e9c7b9,,,,,,,,5,true
chain,dependency,edit-cell,10000,native,4,1,71.40000000596046,10000,7,fnv1a32:562a1a7f,,,,,,,,6,true
chain,dependency,edit-cell,10000,native,4,2,69.09999999403954,10000,7,fnv1a32:d889c9eb,,,,,,,,7,true
chain,dependency,edit-cell,10000,native,4,3,83.90000000596046,10000,7,fnv1a32:6eaf5297,,,,,,,,8,true
chain,dependency,edit-cell,10000,native,4,4,67.7999999821186,10000,7,fnv1a32:f9c8c7af,,,,,,,,9,true
chain,dependency,edit-all,10000,native,4,0,134.40000000596046,10000,7,fnv1a32:b9610b15,,,,,,,,30009,true
chain,dependency,edit-all,10000,native,4,1,139.59999999403954,10000,7,fnv1a32:c2688507,,,,,,,,40009,true
chain,dependency,edit-all,10000,native,4,2,141,10000,7,fnv1a32:dfc20f0b,,,,,,,,50009,true
chain,dependency,edit-all,10000,native,4,3,143.09999999403954,10000,7,fnv1a32:1cbef9ed,,,,,,,,60009,true
chain,dependency,edit-all,10000,native,4,4,138.09999999403954,10000,7,fnv1a32:32720aff,,,,,,,,70009,true
chain,dependency,edit-formula,10000,native,4,0,71.30000001192093,10000,7,fnv1a32:08cb73d7,,,,,,,,70012,true
chain,dependency,edit-formula,10000,native,4,1,72,10000,7,fnv1a32:305f915f,,,,,,,,70013,true
chain,dependency,edit-formula,10000,native,4,2,85.09999999403954,10000,7,fnv1a32:97431a49,,,,,,,,70014,true
chain,dependency,edit-formula,10000,native,4,3,78.59999999403954,10000,7,fnv1a32:f4fb20b5,,,,,,,,70015,true
chain,dependency,edit-formula,10000,native,4,4,73.2000000178814,10000,7,fnv1a32:57cc1175,,,,,,,,70016,true
chain,business-long,initial,100,native,0,0,36,100,3,fnv1a32:bf6fd8b5,,,,,,,,2,true
chain,business-long,read,100,native,0,0,0.30000001192092896,100,3,fnv1a32:bf6fd8b5,,,,,,,,2,true
chain,business-long,read,100,native,0,1,0.19999998807907104,100,3,fnv1a32:bf6fd8b5,,,,,,,,2,true
chain,business-long,read,100,native,0,2,0.09999999403953552,100,3,fnv1a32:bf6fd8b5,,,,,,,,2,true
chain,business-long,read,100,native,0,3,0.09999999403953552,100,3,fnv1a32:bf6fd8b5,,,,,,,,2,true
chain,business-long,read,100,native,0,4,0.09999999403953552,100,3,fnv1a32:bf6fd8b5,,,,,,,,2,true
chain,business-long,edit-cell,100,native,0,0,2.5999999940395355,100,3,fnv1a32:87f2cb71,,,,,,,,5,true
chain,business-long,edit-cell,100,native,0,1,2.5,100,3,fnv1a32:d2c1d96f,,,,,,,,6,true
chain,business-long,edit-cell,100,native,0,2,2.199999988079071,100,3,fnv1a32:ed9c247b,,,,,,,,7,true
chain,business-long,edit-cell,100,native,0,3,2.800000011920929,100,3,fnv1a32:901c8da3,,,,,,,,8,true
chain,business-long,edit-cell,100,native,0,4,2.399999976158142,100,3,fnv1a32:2de94955,,,,,,,,9,true
chain,business-long,edit-all,100,native,0,0,2.5,100,3,fnv1a32:34e71a5d,,,,,,,,309,true
chain,business-long,edit-all,100,native,0,1,2.4000000059604645,100,3,fnv1a32:d56dc565,,,,,,,,409,true
chain,business-long,edit-all,100,native,0,2,2.5999999940395355,100,3,fnv1a32:b4941af1,,,,,,,,509,true
chain,business-long,edit-all,100,native,0,3,2.4000000059604645,100,3,fnv1a32:86015ec3,,,,,,,,609,true
chain,business-long,edit-all,100,native,0,4,2.4000000059604645,100,3,fnv1a32:a575932f,,,,,,,,709,true
chain,business-long,edit-formula,100,native,0,0,2.899999976158142,100,3,fnv1a32:4e3077e1,,,,,,,,712,true
chain,business-long,edit-formula,100,native,0,1,3.4000000059604645,100,3,fnv1a32:4e614291,,,,,,,,713,true
chain,business-long,edit-formula,100,native,0,2,3.5,100,3,fnv1a32:d1292bab,,,,,,,,714,true
chain,business-long,edit-formula,100,native,0,3,2.5,100,3,fnv1a32:0f7b9e97,,,,,,,,715,true
chain,business-long,edit-formula,100,native,0,4,2.699999988079071,100,3,fnv1a32:ab4904e9,,,,,,,,716,true
chain,business-long,initial,100,legacy,0,0,13.5,100,3,fnv1a32:bf6fd8b5,,,,,,,,1,true
chain,business-long,read,100,legacy,0,0,3,100,3,fnv1a32:bf6fd8b5,,,,,,,,1,true
chain,business-long,read,100,legacy,0,1,2.4000000059604645,100,3,fnv1a32:bf6fd8b5,,,,,,,,1,true
chain,business-long,read,100,legacy,0,2,2.2999999821186066,100,3,fnv1a32:bf6fd8b5,,,,,,,,1,true
chain,business-long,read,100,legacy,0,3,2.2000000178813934,100,3,fnv1a32:bf6fd8b5,,,,,,,,1,true
chain,business-long,read,100,legacy,0,4,2.199999988079071,100,3,fnv1a32:bf6fd8b5,,,,,,,,1,true
chain,business-long,edit-cell,100,legacy,0,0,2.600000023841858,100,3,fnv1a32:87f2cb71,,,,,,,,4,true
chain,business-long,edit-cell,100,legacy,0,1,2.5,100,3,fnv1a32:d2c1d96f,,,,,,,,5,true
chain,business-long,edit-cell,100,legacy,0,2,2.300000011920929,100,3,fnv1a32:ed9c247b,,,,,,,,6,true
chain,business-long,edit-cell,100,legacy,0,3,2.4000000059604645,100,3,fnv1a32:901c8da3,,,,,,,,7,true
chain,business-long,edit-cell,100,legacy,0,4,2.300000011920929,100,3,fnv1a32:2de94955,,,,,,,,8,true
chain,business-long,edit-all,100,legacy,0,0,8,100,3,fnv1a32:34e71a5d,,,,,,,,11,true
chain,business-long,edit-all,100,legacy,0,1,6.5,100,3,fnv1a32:d56dc565,,,,,,,,12,true
chain,business-long,edit-all,100,legacy,0,2,6.699999988079071,100,3,fnv1a32:b4941af1,,,,,,,,13,true
chain,business-long,edit-all,100,legacy,0,3,7.0999999940395355,100,3,fnv1a32:86015ec3,,,,,,,,14,true
chain,business-long,edit-all,100,legacy,0,4,6.5,100,3,fnv1a32:a575932f,,,,,,,,15,true
chain,business-long,edit-formula,100,legacy,0,0,9.300000011920929,100,3,fnv1a32:4e3077e1,,,,,,,,18,true
chain,business-long,edit-formula,100,legacy,0,1,8.599999994039536,100,3,fnv1a32:4e614291,,,,,,,,19,true
chain,business-long,edit-formula,100,legacy,0,2,8,100,3,fnv1a32:d1292bab,,,,,,,,20,true
chain,business-long,edit-formula,100,legacy,0,3,6.699999988079071,100,3,fnv1a32:0f7b9e97,,,,,,,,21,true
chain,business-long,edit-formula,100,legacy,0,4,6.9000000059604645,100,3,fnv1a32:ab4904e9,,,,,,,,22,true
chain,business-long,initial,100,legacy,1,0,13.600000023841858,100,3,fnv1a32:bf6fd8b5,,,,,,,,1,true
chain,business-long,read,100,legacy,1,0,2.7000000178813934,100,3,fnv1a32:bf6fd8b5,,,,,,,,1,true
chain,business-long,read,100,legacy,1,1,2.4000000059604645,100,3,fnv1a32:bf6fd8b5,,,,,,,,1,true
chain,business-long,read,100,legacy,1,2,2.2000000178813934,100,3,fnv1a32:bf6fd8b5,,,,,,,,1,true
chain,business-long,read,100,legacy,1,3,2.0999999940395355,100,3,fnv1a32:bf6fd8b5,,,,,,,,1,true
chain,business-long,read,100,legacy,1,4,2.2000000178813934,100,3,fnv1a32:bf6fd8b5,,,,,,,,1,true
chain,business-long,edit-cell,100,legacy,1,0,2.4000000059604645,100,3,fnv1a32:87f2cb71,,,,,,,,4,true
chain,business-long,edit-cell,100,legacy,1,1,2.699999988079071,100,3,fnv1a32:d2c1d96f,,,,,,,,5,true
chain,business-long,edit-cell,100,legacy,1,2,2.2000000178813934,100,3,fnv1a32:ed9c247b,,,,,,,,6,true
chain,business-long,edit-cell,100,legacy,1,3,2.199999988079071,100,3,fnv1a32:901c8da3,,,,,,,,7,true
chain,business-long,edit-cell,100,legacy,1,4,2.399999976158142,100,3,fnv1a32:2de94955,,,,,,,,8,true
chain,business-long,edit-all,100,legacy,1,0,9.199999988079071,100,3,fnv1a32:34e71a5d,,,,,,,,11,true
chain,business-long,edit-all,100,legacy,1,1,6.699999988079071,100,3,fnv1a32:d56dc565,,,,,,,,12,true
chain,business-long,edit-all,100,legacy,1,2,7,100,3,fnv1a32:b4941af1,,,,,,,,13,true
chain,business-long,edit-all,100,legacy,1,3,6.5999999940395355,100,3,fnv1a32:86015ec3,,,,,,,,14,true
chain,business-long,edit-all,100,legacy,1,4,6.200000017881393,100,3,fnv1a32:a575932f,,,,,,,,15,true
chain,business-long,edit-formula,100,legacy,1,0,6.100000023841858,100,3,fnv1a32:4e3077e1,,,,,,,,18,true
chain,business-long,edit-formula,100,legacy,1,1,8.099999994039536,100,3,fnv1a32:4e614291,,,,,,,,19,true
chain,business-long,edit-formula,100,legacy,1,2,6.200000017881393,100,3,fnv1a32:d1292bab,,,,,,,,20,true
chain,business-long,edit-formula,100,legacy,1,3,6.199999988079071,100,3,fnv1a32:0f7b9e97,,,,,,,,21,true
chain,business-long,edit-formula,100,legacy,1,4,6.200000017881393,100,3,fnv1a32:ab4904e9,,,,,,,,22,true
chain,business-long,initial,100,native,1,0,38.5,100,3,fnv1a32:bf6fd8b5,,,,,,,,2,true
chain,business-long,read,100,native,1,0,0.09999999403953552,100,3,fnv1a32:bf6fd8b5,,,,,,,,2,true
chain,business-long,read,100,native,1,1,0.09999999403953552,100,3,fnv1a32:bf6fd8b5,,,,,,,,2,true
chain,business-long,read,100,native,1,2,0.20000001788139343,100,3,fnv1a32:bf6fd8b5,,,,,,,,2,true
chain,business-long,read,100,native,1,3,0.09999999403953552,100,3,fnv1a32:bf6fd8b5,,,,,,,,2,true
chain,business-long,read,100,native,1,4,0.09999999403953552,100,3,fnv1a32:bf6fd8b5,,,,,,,,2,true
chain,business-long,edit-cell,100,native,1,0,2.5999999940395355,100,3,fnv1a32:87f2cb71,,,,,,,,5,true
chain,business-long,edit-cell,100,native,1,1,2.5,100,3,fnv1a32:d2c1d96f,,,,,,,,6,true
chain,business-long,edit-cell,100,native,1,2,1.7000000178813934,100,3,fnv1a32:ed9c247b,,,,,,,,7,true
chain,business-long,edit-cell,100,native,1,3,1.2999999821186066,100,3,fnv1a32:901c8da3,,,,,,,,8,true
chain,business-long,edit-cell,100,native,1,4,1.699999988079071,100,3,fnv1a32:2de94955,,,,,,,,9,true
chain,business-long,edit-all,100,native,1,0,2.5999999940395355,100,3,fnv1a32:34e71a5d,,,,,,,,309,true
chain,business-long,edit-all,100,native,1,1,2.7000000178813934,100,3,fnv1a32:d56dc565,,,,,,,,409,true
chain,business-long,edit-all,100,native,1,2,2.399999976158142,100,3,fnv1a32:b4941af1,,,,,,,,509,true
chain,business-long,edit-all,100,native,1,3,2.2999999821186066,100,3,fnv1a32:86015ec3,,,,,,,,609,true
chain,business-long,edit-all,100,native,1,4,2.199999988079071,100,3,fnv1a32:a575932f,,,,,,,,709,true
chain,business-long,edit-formula,100,native,1,0,3,100,3,fnv1a32:4e3077e1,,,,,,,,712,true
chain,business-long,edit-formula,100,native,1,1,3.4000000059604645,100,3,fnv1a32:4e614291,,,,,,,,713,true
chain,business-long,edit-formula,100,native,1,2,2.7000000178813934,100,3,fnv1a32:d1292bab,,,,,,,,714,true
chain,business-long,edit-formula,100,native,1,3,2.199999988079071,100,3,fnv1a32:0f7b9e97,,,,,,,,715,true
chain,business-long,edit-formula,100,native,1,4,2.5,100,3,fnv1a32:ab4904e9,,,,,,,,716,true
chain,business-long,initial,100,native,2,0,39.400000005960464,100,3,fnv1a32:bf6fd8b5,,,,,,,,2,true
chain,business-long,read,100,native,2,0,0.19999998807907104,100,3,fnv1a32:bf6fd8b5,,,,,,,,2,true
chain,business-long,read,100,native,2,1,0.20000001788139343,100,3,fnv1a32:bf6fd8b5,,,,,,,,2,true
chain,business-long,read,100,native,2,2,0.20000001788139343,100,3,fnv1a32:bf6fd8b5,,,,,,,,2,true
chain,business-long,read,100,native,2,3,0.09999999403953552,100,3,fnv1a32:bf6fd8b5,,,,,,,,2,true
chain,business-long,read,100,native,2,4,0.19999998807907104,100,3,fnv1a32:bf6fd8b5,,,,,,,,2,true
chain,business-long,edit-cell,100,native,2,0,2,100,3,fnv1a32:87f2cb71,,,,,,,,5,true
chain,business-long,edit-cell,100,native,2,1,2.2000000178813934,100,3,fnv1a32:d2c1d96f,,,,,,,,6,true
chain,business-long,edit-cell,100,native,2,2,1.9000000059604645,100,3,fnv1a32:ed9c247b,,,,,,,,7,true
chain,business-long,edit-cell,100,native,2,3,1.5999999940395355,100,3,fnv1a32:901c8da3,,,,,,,,8,true
chain,business-long,edit-cell,100,native,2,4,1.4000000059604645,100,3,fnv1a32:2de94955,,,,,,,,9,true
chain,business-long,edit-all,100,native,2,0,2.7000000178813934,100,3,fnv1a32:34e71a5d,,,,,,,,309,true
chain,business-long,edit-all,100,native,2,1,2.5,100,3,fnv1a32:d56dc565,,,,,,,,409,true
chain,business-long,edit-all,100,native,2,2,2.4000000059604645,100,3,fnv1a32:b4941af1,,,,,,,,509,true
chain,business-long,edit-all,100,native,2,3,2.5,100,3,fnv1a32:86015ec3,,,,,,,,609,true
chain,business-long,edit-all,100,native,2,4,1.9000000059604645,100,3,fnv1a32:a575932f,,,,,,,,709,true
chain,business-long,edit-formula,100,native,2,0,3.699999988079071,100,3,fnv1a32:4e3077e1,,,,,,,,712,true
chain,business-long,edit-formula,100,native,2,1,3.199999988079071,100,3,fnv1a32:4e614291,,,,,,,,713,true
chain,business-long,edit-formula,100,native,2,2,3.2000000178813934,100,3,fnv1a32:d1292bab,,,,,,,,714,true
chain,business-long,edit-formula,100,native,2,3,3,100,3,fnv1a32:0f7b9e97,,,,,,,,715,true
chain,business-long,edit-formula,100,native,2,4,3,100,3,fnv1a32:ab4904e9,,,,,,,,716,true
chain,business-long,initial,100,legacy,2,0,14.099999994039536,100,3,fnv1a32:bf6fd8b5,,,,,,,,1,true
chain,business-long,read,100,legacy,2,0,2.5999999940395355,100,3,fnv1a32:bf6fd8b5,,,,,,,,1,true
chain,business-long,read,100,legacy,2,1,2.2999999821186066,100,3,fnv1a32:bf6fd8b5,,,,,,,,1,true
chain,business-long,read,100,legacy,2,2,2.300000011920929,100,3,fnv1a32:bf6fd8b5,,,,,,,,1,true
chain,business-long,read,100,legacy,2,3,2.100000023841858,100,3,fnv1a32:bf6fd8b5,,,,,,,,1,true
chain,business-long,read,100,legacy,2,4,2.199999988079071,100,3,fnv1a32:bf6fd8b5,,,,,,,,1,true
chain,business-long,edit-cell,100,legacy,2,0,3,100,3,fnv1a32:87f2cb71,,,,,,,,4,true
chain,business-long,edit-cell,100,legacy,2,1,2.5999999940395355,100,3,fnv1a32:d2c1d96f,,,,,,,,5,true
chain,business-long,edit-cell,100,legacy,2,2,2.399999976158142,100,3,fnv1a32:ed9c247b,,,,,,,,6,true
chain,business-long,edit-cell,100,legacy,2,3,2.300000011920929,100,3,fnv1a32:901c8da3,,,,,,,,7,true
chain,business-long,edit-cell,100,legacy,2,4,2.300000011920929,100,3,fnv1a32:2de94955,,,,,,,,8,true
chain,business-long,edit-all,100,legacy,2,0,8.400000005960464,100,3,fnv1a32:34e71a5d,,,,,,,,11,true
chain,business-long,edit-all,100,legacy,2,1,7.200000017881393,100,3,fnv1a32:d56dc565,,,,,,,,12,true
chain,business-long,edit-all,100,legacy,2,2,7.299999982118607,100,3,fnv1a32:b4941af1,,,,,,,,13,true
chain,business-long,edit-all,100,legacy,2,3,7.5,100,3,fnv1a32:86015ec3,,,,,,,,14,true
chain,business-long,edit-all,100,legacy,2,4,7,100,3,fnv1a32:a575932f,,,,,,,,15,true
chain,business-long,edit-formula,100,legacy,2,0,6.5,100,3,fnv1a32:4e3077e1,,,,,,,,18,true
chain,business-long,edit-formula,100,legacy,2,1,8.100000023841858,100,3,fnv1a32:4e614291,,,,,,,,19,true
chain,business-long,edit-formula,100,legacy,2,2,6.399999976158142,100,3,fnv1a32:d1292bab,,,,,,,,20,true
chain,business-long,edit-formula,100,legacy,2,3,6.299999982118607,100,3,fnv1a32:0f7b9e97,,,,,,,,21,true
chain,business-long,edit-formula,100,legacy,2,4,6.300000011920929,100,3,fnv1a32:ab4904e9,,,,,,,,22,true
chain,business-long,initial,100,legacy,3,0,13,100,3,fnv1a32:bf6fd8b5,,,,,,,,1,true
chain,business-long,read,100,legacy,3,0,2.800000011920929,100,3,fnv1a32:bf6fd8b5,,,,,,,,1,true
chain,business-long,read,100,legacy,3,1,2.199999988079071,100,3,fnv1a32:bf6fd8b5,,,,,,,,1,true
chain,business-long,read,100,legacy,3,2,2.2000000178813934,100,3,fnv1a32:bf6fd8b5,,,,,,,,1,true
chain,business-long,read,100,legacy,3,3,2.199999988079071,100,3,fnv1a32:bf6fd8b5,,,,,,,,1,true
chain,business-long,read,100,legacy,3,4,2.300000011920929,100,3,fnv1a32:bf6fd8b5,,,,,,,,1,true
chain,business-long,edit-cell,100,legacy,3,0,2.4000000059604645,100,3,fnv1a32:87f2cb71,,,,,,,,4,true
chain,business-long,edit-cell,100,legacy,3,1,2.4000000059604645,100,3,fnv1a32:d2c1d96f,,,,,,,,5,true
chain,business-long,edit-cell,100,legacy,3,2,2.300000011920929,100,3,fnv1a32:ed9c247b,,,,,,,,6,true
chain,business-long,edit-cell,100,legacy,3,3,2.199999988079071,100,3,fnv1a32:901c8da3,,,,,,,,7,true
chain,business-long,edit-cell,100,legacy,3,4,2.0999999940395355,100,3,fnv1a32:2de94955,,,,,,,,8,true
chain,business-long,edit-all,100,legacy,3,0,8.300000011920929,100,3,fnv1a32:34e71a5d,,,,,,,,11,true
chain,business-long,edit-all,100,legacy,3,1,6.800000011920929,100,3,fnv1a32:d56dc565,,,,,,,,12,true
chain,business-long,edit-all,100,legacy,3,2,7.4000000059604645,100,3,fnv1a32:b4941af1,,,,,,,,13,true
chain,business-long,edit-all,100,legacy,3,3,7.199999988079071,100,3,fnv1a32:86015ec3,,,,,,,,14,true
chain,business-long,edit-all,100,legacy,3,4,7,100,3,fnv1a32:a575932f,,,,,,,,15,true
chain,business-long,edit-formula,100,legacy,3,0,6.799999982118607,100,3,fnv1a32:4e3077e1,,,,,,,,18,true
chain,business-long,edit-formula,100,legacy,3,1,8.699999988079071,100,3,fnv1a32:4e614291,,,,,,,,19,true
chain,business-long,edit-formula,100,legacy,3,2,6.4000000059604645,100,3,fnv1a32:d1292bab,,,,,,,,20,true
chain,business-long,edit-formula,100,legacy,3,3,6.0999999940395355,100,3,fnv1a32:0f7b9e97,,,,,,,,21,true
chain,business-long,edit-formula,100,legacy,3,4,6.0999999940395355,100,3,fnv1a32:ab4904e9,,,,,,,,22,true
chain,business-long,initial,100,native,3,0,39.79999998211861,100,3,fnv1a32:bf6fd8b5,,,,,,,,2,true
chain,business-long,read,100,native,3,0,0.19999998807907104,100,3,fnv1a32:bf6fd8b5,,,,,,,,2,true
chain,business-long,read,100,native,3,1,0.09999999403953552,100,3,fnv1a32:bf6fd8b5,,,,,,,,2,true
chain,business-long,read,100,native,3,2,0.10000002384185791,100,3,fnv1a32:bf6fd8b5,,,,,,,,2,true
chain,business-long,read,100,native,3,3,0.19999998807907104,100,3,fnv1a32:bf6fd8b5,,,,,,,,2,true
chain,business-long,read,100,native,3,4,0.19999998807907104,100,3,fnv1a32:bf6fd8b5,,,,,,,,2,true
chain,business-long,edit-cell,100,native,3,0,2.2999999821186066,100,3,fnv1a32:87f2cb71,,,,,,,,5,true
chain,business-long,edit-cell,100,native,3,1,2,100,3,fnv1a32:d2c1d96f,,,,,,,,6,true
chain,business-long,edit-cell,100,native,3,2,2,100,3,fnv1a32:ed9c247b,,,,,,,,7,true
chain,business-long,edit-cell,100,native,3,3,1.5999999940395355,100,3,fnv1a32:901c8da3,,,,,,,,8,true
chain,business-long,edit-cell,100,native,3,4,1.5,100,3,fnv1a32:2de94955,,,,,,,,9,true
chain,business-long,edit-all,100,native,3,0,2.7999999821186066,100,3,fnv1a32:34e71a5d,,,,,,,,309,true
chain,business-long,edit-all,100,native,3,1,2.300000011920929,100,3,fnv1a32:d56dc565,,,,,,,,409,true
chain,business-long,edit-all,100,native,3,2,2.4000000059604645,100,3,fnv1a32:b4941af1,,,,,,,,509,true
chain,business-long,edit-all,100,native,3,3,2.300000011920929,100,3,fnv1a32:86015ec3,,,,,,,,609,true
chain,business-long,edit-all,100,native,3,4,2.0999999940395355,100,3,fnv1a32:a575932f,,,,,,,,709,true
chain,business-long,edit-formula,100,native,3,0,2.399999976158142,100,3,fnv1a32:4e3077e1,,,,,,,,712,true
chain,business-long,edit-formula,100,native,3,1,2.7999999821186066,100,3,fnv1a32:4e614291,,,,,,,,713,true
chain,business-long,edit-formula,100,native,3,2,2.9000000059604645,100,3,fnv1a32:d1292bab,,,,,,,,714,true
chain,business-long,edit-formula,100,native,3,3,2.300000011920929,100,3,fnv1a32:0f7b9e97,,,,,,,,715,true
chain,business-long,edit-formula,100,native,3,4,2.5,100,3,fnv1a32:ab4904e9,,,,,,,,716,true
chain,business-long,initial,100,native,4,0,38.900000005960464,100,3,fnv1a32:bf6fd8b5,,,,,,,,2,true
chain,business-long,read,100,native,4,0,0.10000002384185791,100,3,fnv1a32:bf6fd8b5,,,,,,,,2,true
chain,business-long,read,100,native,4,1,0.09999999403953552,100,3,fnv1a32:bf6fd8b5,,,,,,,,2,true
chain,business-long,read,100,native,4,2,0.30000001192092896,100,3,fnv1a32:bf6fd8b5,,,,,,,,2,true
chain,business-long,read,100,native,4,3,0,100,3,fnv1a32:bf6fd8b5,,,,,,,,2,true
chain,business-long,read,100,native,4,4,0.09999999403953552,100,3,fnv1a32:bf6fd8b5,,,,,,,,2,true
chain,business-long,edit-cell,100,native,4,0,2.699999988079071,100,3,fnv1a32:87f2cb71,,,,,,,,5,true
chain,business-long,edit-cell,100,native,4,1,2.0999999940395355,100,3,fnv1a32:d2c1d96f,,,,,,,,6,true
chain,business-long,edit-cell,100,native,4,2,1.9000000059604645,100,3,fnv1a32:ed9c247b,,,,,,,,7,true
chain,business-long,edit-cell,100,native,4,3,1.5999999940395355,100,3,fnv1a32:901c8da3,,,,,,,,8,true
chain,business-long,edit-cell,100,native,4,4,1.4000000059604645,100,3,fnv1a32:2de94955,,,,,,,,9,true
chain,business-long,edit-all,100,native,4,0,3.199999988079071,100,3,fnv1a32:34e71a5d,,,,,,,,309,true
chain,business-long,edit-all,100,native,4,1,2.699999988079071,100,3,fnv1a32:d56dc565,,,,,,,,409,true
chain,business-long,edit-all,100,native,4,2,3.0999999940395355,100,3,fnv1a32:b4941af1,,,,,,,,509,true
chain,business-long,edit-all,100,native,4,3,3.0999999940395355,100,3,fnv1a32:86015ec3,,,,,,,,609,true
chain,business-long,edit-all,100,native,4,4,2.5,100,3,fnv1a32:a575932f,,,,,,,,709,true
chain,business-long,edit-formula,100,native,4,0,2.5,100,3,fnv1a32:4e3077e1,,,,,,,,712,true
chain,business-long,edit-formula,100,native,4,1,3.5,100,3,fnv1a32:4e614291,,,,,,,,713,true
chain,business-long,edit-formula,100,native,4,2,3,100,3,fnv1a32:d1292bab,,,,,,,,714,true
chain,business-long,edit-formula,100,native,4,3,2.5999999940395355,100,3,fnv1a32:0f7b9e97,,,,,,,,715,true
chain,business-long,edit-formula,100,native,4,4,4.200000017881393,100,3,fnv1a32:ab4904e9,,,,,,,,716,true
chain,business-long,initial,100,legacy,4,0,13.099999994039536,100,3,fnv1a32:bf6fd8b5,,,,,,,,1,true
chain,business-long,read,100,legacy,4,0,2.5999999940395355,100,3,fnv1a32:bf6fd8b5,,,,,,,,1,true
chain,business-long,read,100,legacy,4,1,2.2000000178813934,100,3,fnv1a32:bf6fd8b5,,,,,,,,1,true
chain,business-long,read,100,legacy,4,2,2.199999988079071,100,3,fnv1a32:bf6fd8b5,,,,,,,,1,true
chain,business-long,read,100,legacy,4,3,2.2000000178813934,100,3,fnv1a32:bf6fd8b5,,,,,,,,1,true
chain,business-long,read,100,legacy,4,4,2.199999988079071,100,3,fnv1a32:bf6fd8b5,,,,,,,,1,true
chain,business-long,edit-cell,100,legacy,4,0,2.4000000059604645,100,3,fnv1a32:87f2cb71,,,,,,,,4,true
chain,business-long,edit-cell,100,legacy,4,1,2.5,100,3,fnv1a32:d2c1d96f,,,,,,,,5,true
chain,business-long,edit-cell,100,legacy,4,2,2.5,100,3,fnv1a32:ed9c247b,,,,,,,,6,true
chain,business-long,edit-cell,100,legacy,4,3,2.300000011920929,100,3,fnv1a32:901c8da3,,,,,,,,7,true
chain,business-long,edit-cell,100,legacy,4,4,2.300000011920929,100,3,fnv1a32:2de94955,,,,,,,,8,true
chain,business-long,edit-all,100,legacy,4,0,8.5,100,3,fnv1a32:34e71a5d,,,,,,,,11,true
chain,business-long,edit-all,100,legacy,4,1,7.300000011920929,100,3,fnv1a32:d56dc565,,,,,,,,12,true
chain,business-long,edit-all,100,legacy,4,2,7.4000000059604645,100,3,fnv1a32:b4941af1,,,,,,,,13,true
chain,business-long,edit-all,100,legacy,4,3,7.5,100,3,fnv1a32:86015ec3,,,,,,,,14,true
chain,business-long,edit-all,100,legacy,4,4,7,100,3,fnv1a32:a575932f,,,,,,,,15,true
chain,business-long,edit-formula,100,legacy,4,0,6.699999988079071,100,3,fnv1a32:4e3077e1,,,,,,,,18,true
chain,business-long,edit-formula,100,legacy,4,1,8.300000011920929,100,3,fnv1a32:4e614291,,,,,,,,19,true
chain,business-long,edit-formula,100,legacy,4,2,6.699999988079071,100,3,fnv1a32:d1292bab,,,,,,,,20,true
chain,business-long,edit-formula,100,legacy,4,3,6.5,100,3,fnv1a32:0f7b9e97,,,,,,,,21,true
chain,business-long,edit-formula,100,legacy,4,4,6.5999999940395355,100,3,fnv1a32:ab4904e9,,,,,,,,22,true
chain,business-long,initial,1000,legacy,0,0,79.90000000596046,1000,3,fnv1a32:cc91ed5d,,,,,,,,1,true
chain,business-long,read,1000,legacy,0,0,58.900000005960464,1000,3,fnv1a32:cc91ed5d,,,,,,,,1,true
chain,business-long,read,1000,legacy,0,1,66.2000000178814,1000,3,fnv1a32:cc91ed5d,,,,,,,,1,true
chain,business-long,read,1000,legacy,0,2,61.19999998807907,1000,3,fnv1a32:cc91ed5d,,,,,,,,1,true
chain,business-long,read,1000,legacy,0,3,60,1000,3,fnv1a32:cc91ed5d,,,,,,,,1,true
chain,business-long,read,1000,legacy,0,4,60.39999997615814,1000,3,fnv1a32:cc91ed5d,,,,,,,,1,true
chain,business-long,edit-cell,1000,legacy,0,0,60.80000001192093,1000,3,fnv1a32:21851cc9,,,,,,,,4,true
chain,business-long,edit-cell,1000,legacy,0,1,60.5,1000,3,fnv1a32:0e8bbf37,,,,,,,,5,true
chain,business-long,edit-cell,1000,legacy,0,2,60.099999994039536,1000,3,fnv1a32:b7bf4753,,,,,,,,6,true
chain,business-long,edit-cell,1000,legacy,0,3,59.89999997615814,1000,3,fnv1a32:d82268bb,,,,,,,,7,true
chain,business-long,edit-cell,1000,legacy,0,4,60.099999994039536,1000,3,fnv1a32:085f517d,,,,,,,,8,true
chain,business-long,edit-all,1000,legacy,0,0,82.40000000596046,1000,3,fnv1a32:147d5319,,,,,,,,11,true
chain,business-long,edit-all,1000,legacy,0,1,64.09999999403954,1000,3,fnv1a32:449591ab,,,,,,,,12,true
chain,business-long,edit-all,1000,legacy,0,2,63.5,1000,3,fnv1a32:d863e735,,,,,,,,13,true
chain,business-long,edit-all,1000,legacy,0,3,63.69999998807907,1000,3,fnv1a32:aef14581,,,,,,,,14,true
chain,business-long,edit-all,1000,legacy,0,4,64,1000,3,fnv1a32:4fc7b75b,,,,,,,,15,true
chain,business-long,edit-formula,1000,legacy,0,0,59.79999998211861,1000,3,fnv1a32:3c78606b,,,,,,,,18,true
chain,business-long,edit-formula,1000,legacy,0,1,60.099999994039536,1000,3,fnv1a32:de6bf6bf,,,,,,,,19,true
chain,business-long,edit-formula,1000,legacy,0,2,59.400000005960464,1000,3,fnv1a32:86e910db,,,,,,,,20,true
chain,business-long,edit-formula,1000,legacy,0,3,58.599999994039536,1000,3,fnv1a32:9ab9d0e1,,,,,,,,21,true
chain,business-long,edit-formula,1000,legacy,0,4,57.69999998807907,1000,3,fnv1a32:3030f17b,,,,,,,,22,true
chain,business-long,initial,1000,native,0,0,61.20000001788139,1000,3,fnv1a32:cc91ed5d,,,,,,,,2,true
chain,business-long,read,1000,native,0,0,0.9000000059604645,1000,3,fnv1a32:cc91ed5d,,,,,,,,2,true
chain,business-long,read,1000,native,0,1,0.8999999761581421,1000,3,fnv1a32:cc91ed5d,,,,,,,,2,true
chain,business-long,read,1000,native,0,2,0.800000011920929,1000,3,fnv1a32:cc91ed5d,,,,,,,,2,true
chain,business-long,read,1000,native,0,3,0.5999999940395355,1000,3,fnv1a32:cc91ed5d,,,,,,,,2,true
chain,business-long,read,1000,native,0,4,0.699999988079071,1000,3,fnv1a32:cc91ed5d,,,,,,,,2,true
chain,business-long,edit-cell,1000,native,0,0,14.800000011920929,1000,3,fnv1a32:21851cc9,,,,,,,,5,true
chain,business-long,edit-cell,1000,native,0,1,12.099999994039536,1000,3,fnv1a32:0e8bbf37,,,,,,,,6,true
chain,business-long,edit-cell,1000,native,0,2,12.599999994039536,1000,3,fnv1a32:b7bf4753,,,,,,,,7,true
chain,business-long,edit-cell,1000,native,0,3,11.100000023841858,1000,3,fnv1a32:d82268bb,,,,,,,,8,true
chain,business-long,edit-cell,1000,native,0,4,11.300000011920929,1000,3,fnv1a32:085f517d,,,,,,,,9,true
chain,business-long,edit-all,1000,native,0,0,15.400000005960464,1000,3,fnv1a32:147d5319,,,,,,,,3009,true
chain,business-long,edit-all,1000,native,0,1,19.400000005960464,1000,3,fnv1a32:449591ab,,,,,,,,4009,true
chain,business-long,edit-all,1000,native,0,2,14.400000005960464,1000,3,fnv1a32:d863e735,,,,,,,,5009,true
chain,business-long,edit-all,1000,native,0,3,14,1000,3,fnv1a32:aef14581,,,,,,,,6009,true
chain,business-long,edit-all,1000,native,0,4,14.800000011920929,1000,3,fnv1a32:4fc7b75b,,,,,,,,7009,true
chain,business-long,edit-formula,1000,native,0,0,11.5,1000,3,fnv1a32:3c78606b,,,,,,,,7012,true
chain,business-long,edit-formula,1000,native,0,1,11.800000011920929,1000,3,fnv1a32:de6bf6bf,,,,,,,,7013,true
chain,business-long,edit-formula,1000,native,0,2,12.600000023841858,1000,3,fnv1a32:86e910db,,,,,,,,7014,true
chain,business-long,edit-formula,1000,native,0,3,18.30000001192093,1000,3,fnv1a32:9ab9d0e1,,,,,,,,7015,true
chain,business-long,edit-formula,1000,native,0,4,12.600000023841858,1000,3,fnv1a32:3030f17b,,,,,,,,7016,true
chain,business-long,initial,1000,native,1,0,61.400000005960464,1000,3,fnv1a32:cc91ed5d,,,,,,,,2,true
chain,business-long,read,1000,native,1,0,0.800000011920929,1000,3,fnv1a32:cc91ed5d,,,,,,,,2,true
chain,business-long,read,1000,native,1,1,0.7999999821186066,1000,3,fnv1a32:cc91ed5d,,,,,,,,2,true
chain,business-long,read,1000,native,1,2,0.9000000059604645,1000,3,fnv1a32:cc91ed5d,,,,,,,,2,true
chain,business-long,read,1000,native,1,3,0.5999999940395355,1000,3,fnv1a32:cc91ed5d,,,,,,,,2,true
chain,business-long,read,1000,native,1,4,0.5999999940395355,1000,3,fnv1a32:cc91ed5d,,,,,,,,2,true
chain,business-long,edit-cell,1000,native,1,0,14.800000011920929,1000,3,fnv1a32:21851cc9,,,,,,,,5,true
chain,business-long,edit-cell,1000,native,1,1,11.5,1000,3,fnv1a32:0e8bbf37,,,,,,,,6,true
chain,business-long,edit-cell,1000,native,1,2,10.900000005960464,1000,3,fnv1a32:b7bf4753,,,,,,,,7,true
chain,business-long,edit-cell,1000,native,1,3,10.799999982118607,1000,3,fnv1a32:d82268bb,,,,,,,,8,true
chain,business-long,edit-cell,1000,native,1,4,10.399999976158142,1000,3,fnv1a32:085f517d,,,,,,,,9,true
chain,business-long,edit-all,1000,native,1,0,17.400000005960464,1000,3,fnv1a32:147d5319,,,,,,,,3009,true
chain,business-long,edit-all,1000,native,1,1,19.299999982118607,1000,3,fnv1a32:449591ab,,,,,,,,4009,true
chain,business-long,edit-all,1000,native,1,2,14.399999976158142,1000,3,fnv1a32:d863e735,,,,,,,,5009,true
chain,business-long,edit-all,1000,native,1,3,15.899999976158142,1000,3,fnv1a32:aef14581,,,,,,,,6009,true
chain,business-long,edit-all,1000,native,1,4,15.599999994039536,1000,3,fnv1a32:4fc7b75b,,,,,,,,7009,true
chain,business-long,edit-formula,1000,native,1,0,12.5,1000,3,fnv1a32:3c78606b,,,,,,,,7012,true
chain,business-long,edit-formula,1000,native,1,1,12.300000011920929,1000,3,fnv1a32:de6bf6bf,,,,,,,,7013,true
chain,business-long,edit-formula,1000,native,1,2,11.899999976158142,1000,3,fnv1a32:86e910db,,,,,,,,7014,true
chain,business-long,edit-formula,1000,native,1,3,12.900000005960464,1000,3,fnv1a32:9ab9d0e1,,,,,,,,7015,true
chain,business-long,edit-formula,1000,native,1,4,11.5,1000,3,fnv1a32:3030f17b,,,,,,,,7016,true
chain,business-long,initial,1000,legacy,1,0,81.09999999403954,1000,3,fnv1a32:cc91ed5d,,,,,,,,1,true
chain,business-long,read,1000,legacy,1,0,58.69999998807907,1000,3,fnv1a32:cc91ed5d,,,,,,,,1,true
chain,business-long,read,1000,legacy,1,1,67.80000001192093,1000,3,fnv1a32:cc91ed5d,,,,,,,,1,true
chain,business-long,read,1000,legacy,1,2,61.400000005960464,1000,3,fnv1a32:cc91ed5d,,,,,,,,1,true
chain,business-long,read,1000,legacy,1,3,59.400000005960464,1000,3,fnv1a32:cc91ed5d,,,,,,,,1,true
chain,business-long,read,1000,legacy,1,4,59.900000005960464,1000,3,fnv1a32:cc91ed5d,,,,,,,,1,true
chain,business-long,edit-cell,1000,legacy,1,0,60.099999994039536,1000,3,fnv1a32:21851cc9,,,,,,,,4,true
chain,business-long,edit-cell,1000,legacy,1,1,59.400000005960464,1000,3,fnv1a32:0e8bbf37,,,,,,,,5,true
chain,business-long,edit-cell,1000,legacy,1,2,59.5,1000,3,fnv1a32:b7bf4753,,,,,,,,6,true
chain,business-long,edit-cell,1000,legacy,1,3,59.400000005960464,1000,3,fnv1a32:d82268bb,,,,,,,,7,true
chain,business-long,edit-cell,1000,legacy,1,4,60.5,1000,3,fnv1a32:085f517d,,,,,,,,8,true
chain,business-long,edit-all,1000,legacy,1,0,82.59999999403954,1000,3,fnv1a32:147d5319,,,,,,,,11,true
chain,business-long,edit-all,1000,legacy,1,1,63.099999994039536,1000,3,fnv1a32:449591ab,,,,,,,,12,true
chain,business-long,edit-all,1000,legacy,1,2,62.5,1000,3,fnv1a32:d863e735,,,,,,,,13,true
chain,business-long,edit-all,1000,legacy,1,3,64,1000,3,fnv1a32:aef14581,,,,,,,,14,true
chain,business-long,edit-all,1000,legacy,1,4,62.80000001192093,1000,3,fnv1a32:4fc7b75b,,,,,,,,15,true
chain,business-long,edit-formula,1000,legacy,1,0,58.69999998807907,1000,3,fnv1a32:3c78606b,,,,,,,,18,true
chain,business-long,edit-formula,1000,legacy,1,1,58.900000005960464,1000,3,fnv1a32:de6bf6bf,,,,,,,,19,true
chain,business-long,edit-formula,1000,legacy,1,2,59.30000001192093,1000,3,fnv1a32:86e910db,,,,,,,,20,true
chain,business-long,edit-formula,1000,legacy,1,3,58.099999994039536,1000,3,fnv1a32:9ab9d0e1,,,,,,,,21,true
chain,business-long,edit-formula,1000,legacy,1,4,57.80000001192093,1000,3,fnv1a32:3030f17b,,,,,,,,22,true
chain,business-long,initial,1000,legacy,2,0,86.40000000596046,1000,3,fnv1a32:cc91ed5d,,,,,,,,1,true
chain,business-long,read,1000,legacy,2,0,61.5,1000,3,fnv1a32:cc91ed5d,,,,,,,,1,true
chain,business-long,read,1000,legacy,2,1,67.2999999821186,1000,3,fnv1a32:cc91ed5d,,,,,,,,1,true
chain,business-long,read,1000,legacy,2,2,63.400000005960464,1000,3,fnv1a32:cc91ed5d,,,,,,,,1,true
chain,business-long,read,1000,legacy,2,3,63.900000005960464,1000,3,fnv1a32:cc91ed5d,,,,,,,,1,true
chain,business-long,read,1000,legacy,2,4,62.900000005960464,1000,3,fnv1a32:cc91ed5d,,,,,,,,1,true
chain,business-long,edit-cell,1000,legacy,2,0,63.099999994039536,1000,3,fnv1a32:21851cc9,,,,,,,,4,true
chain,business-long,edit-cell,1000,legacy,2,1,64.69999998807907,1000,3,fnv1a32:0e8bbf37,,,,,,,,5,true
chain,business-long,edit-cell,1000,legacy,2,2,62.30000001192093,1000,3,fnv1a32:b7bf4753,,,,,,,,6,true
chain,business-long,edit-cell,1000,legacy,2,3,62.20000001788139,1000,3,fnv1a32:d82268bb,,,,,,,,7,true
chain,business-long,edit-cell,1000,legacy,2,4,62.400000005960464,1000,3,fnv1a32:085f517d,,,,,,,,8,true
chain,business-long,edit-all,1000,legacy,2,0,83,1000,3,fnv1a32:147d5319,,,,,,,,11,true
chain,business-long,edit-all,1000,legacy,2,1,64.5,1000,3,fnv1a32:449591ab,,,,,,,,12,true
chain,business-long,edit-all,1000,legacy,2,2,66.69999998807907,1000,3,fnv1a32:d863e735,,,,,,,,13,true
chain,business-long,edit-all,1000,legacy,2,3,66.69999998807907,1000,3,fnv1a32:aef14581,,,,,,,,14,true
chain,business-long,edit-all,1000,legacy,2,4,66,1000,3,fnv1a32:4fc7b75b,,,,,,,,15,true
chain,business-long,edit-formula,1000,legacy,2,0,62.29999998211861,1000,3,fnv1a32:3c78606b,,,,,,,,18,true
chain,business-long,edit-formula,1000,legacy,2,1,62.599999994039536,1000,3,fnv1a32:de6bf6bf,,,,,,,,19,true
chain,business-long,edit-formula,1000,legacy,2,2,61,1000,3,fnv1a32:86e910db,,,,,,,,20,true
chain,business-long,edit-formula,1000,legacy,2,3,61.599999994039536,1000,3,fnv1a32:9ab9d0e1,,,,,,,,21,true
chain,business-long,edit-formula,1000,legacy,2,4,61.19999998807907,1000,3,fnv1a32:3030f17b,,,,,,,,22,true
chain,business-long,initial,1000,native,2,0,59.599999994039536,1000,3,fnv1a32:cc91ed5d,,,,,,,,2,true
chain,business-long,read,1000,native,2,0,0.7999999821186066,1000,3,fnv1a32:cc91ed5d,,,,,,,,2,true
chain,business-long,read,1000,native,2,1,0.7999999821186066,1000,3,fnv1a32:cc91ed5d,,,,,,,,2,true
chain,business-long,read,1000,native,2,2,1.0999999940395355,1000,3,fnv1a32:cc91ed5d,,,,,,,,2,true
chain,business-long,read,1000,native,2,3,0.699999988079071,1000,3,fnv1a32:cc91ed5d,,,,,,,,2,true
chain,business-long,read,1000,native,2,4,0.5999999940395355,1000,3,fnv1a32:cc91ed5d,,,,,,,,2,true
chain,business-long,edit-cell,1000,native,2,0,14,1000,3,fnv1a32:21851cc9,,,,,,,,5,true
chain,business-long,edit-cell,1000,native,2,1,12.200000017881393,1000,3,fnv1a32:0e8bbf37,,,,,,,,6,true
chain,business-long,edit-cell,1000,native,2,2,10.700000017881393,1000,3,fnv1a32:b7bf4753,,,,,,,,7,true
chain,business-long,edit-cell,1000,native,2,3,10.400000005960464,1000,3,fnv1a32:d82268bb,,,,,,,,8,true
chain,business-long,edit-cell,1000,native,2,4,10.599999994039536,1000,3,fnv1a32:085f517d,,,,,,,,9,true
chain,business-long,edit-all,1000,native,2,0,14.799999982118607,1000,3,fnv1a32:147d5319,,,,,,,,3009,true
chain,business-long,edit-all,1000,native,2,1,18.799999982118607,1000,3,fnv1a32:449591ab,,,,,,,,4009,true
chain,business-long,edit-all,1000,native,2,2,14.5,1000,3,fnv1a32:d863e735,,,,,,,,5009,true
chain,business-long,edit-all,1000,native,2,3,18,1000,3,fnv1a32:aef14581,,,,,,,,6009,true
chain,business-long,edit-all,1000,native,2,4,21.19999998807907,1000,3,fnv1a32:4fc7b75b,,,,,,,,7009,true
chain,business-long,edit-formula,1000,native,2,0,12.200000017881393,1000,3,fnv1a32:3c78606b,,,,,,,,7012,true
chain,business-long,edit-formula,1000,native,2,1,13,1000,3,fnv1a32:de6bf6bf,,,,,,,,7013,true
chain,business-long,edit-formula,1000,native,2,2,11.900000005960464,1000,3,fnv1a32:86e910db,,,,,,,,7014,true
chain,business-long,edit-formula,1000,native,2,3,11.099999994039536,1000,3,fnv1a32:9ab9d0e1,,,,,,,,7015,true
chain,business-long,edit-formula,1000,native,2,4,10.599999994039536,1000,3,fnv1a32:3030f17b,,,,,,,,7016,true
chain,business-long,initial,1000,native,3,0,61.19999998807907,1000,3,fnv1a32:cc91ed5d,,,,,,,,2,true
chain,business-long,read,1000,native,3,0,0.8999999761581421,1000,3,fnv1a32:cc91ed5d,,,,,,,,2,true
chain,business-long,read,1000,native,3,1,0.699999988079071,1000,3,fnv1a32:cc91ed5d,,,,,,,,2,true
chain,business-long,read,1000,native,3,2,0.9000000059604645,1000,3,fnv1a32:cc91ed5d,,,,,,,,2,true
chain,business-long,read,1000,native,3,3,0.5999999940395355,1000,3,fnv1a32:cc91ed5d,,,,,,,,2,true
chain,business-long,read,1000,native,3,4,1.199999988079071,1000,3,fnv1a32:cc91ed5d,,,,,,,,2,true
chain,business-long,edit-cell,1000,native,3,0,13.099999994039536,1000,3,fnv1a32:21851cc9,,,,,,,,5,true
chain,business-long,edit-cell,1000,native,3,1,11.399999976158142,1000,3,fnv1a32:0e8bbf37,,,,,,,,6,true
chain,business-long,edit-cell,1000,native,3,2,10.700000017881393,1000,3,fnv1a32:b7bf4753,,,,,,,,7,true
chain,business-long,edit-cell,1000,native,3,3,10.400000005960464,1000,3,fnv1a32:d82268bb,,,,,,,,8,true
chain,business-long,edit-cell,1000,native,3,4,10.400000005960464,1000,3,fnv1a32:085f517d,,,,,,,,9,true
chain,business-long,edit-all,1000,native,3,0,15.700000017881393,1000,3,fnv1a32:147d5319,,,,,,,,3009,true
chain,business-long,edit-all,1000,native,3,1,20.399999976158142,1000,3,fnv1a32:449591ab,,,,,,,,4009,true
chain,business-long,edit-all,1000,native,3,2,15.300000011920929,1000,3,fnv1a32:d863e735,,,,,,,,5009,true
chain,business-long,edit-all,1000,native,3,3,14.199999988079071,1000,3,fnv1a32:aef14581,,,,,,,,6009,true
chain,business-long,edit-all,1000,native,3,4,14.400000005960464,1000,3,fnv1a32:4fc7b75b,,,,,,,,7009,true
chain,business-long,edit-formula,1000,native,3,0,12.900000005960464,1000,3,fnv1a32:3c78606b,,,,,,,,7012,true
chain,business-long,edit-formula,1000,native,3,1,13.199999988079071,1000,3,fnv1a32:de6bf6bf,,,,,,,,7013,true
chain,business-long,edit-formula,1000,native,3,2,11.800000011920929,1000,3,fnv1a32:86e910db,,,,,,,,7014,true
chain,business-long,edit-formula,1000,native,3,3,11.699999988079071,1000,3,fnv1a32:9ab9d0e1,,,,,,,,7015,true
chain,business-long,edit-formula,1000,native,3,4,10.800000011920929,1000,3,fnv1a32:3030f17b,,,,,,,,7016,true
chain,business-long,initial,1000,legacy,3,0,81.60000002384186,1000,3,fnv1a32:cc91ed5d,,,,,,,,1,true
chain,business-long,read,1000,legacy,3,0,59.099999994039536,1000,3,fnv1a32:cc91ed5d,,,,,,,,1,true
chain,business-long,read,1000,legacy,3,1,66.40000000596046,1000,3,fnv1a32:cc91ed5d,,,,,,,,1,true
chain,business-long,read,1000,legacy,3,2,61,1000,3,fnv1a32:cc91ed5d,,,,,,,,1,true
chain,business-long,read,1000,legacy,3,3,59.900000005960464,1000,3,fnv1a32:cc91ed5d,,,,,,,,1,true
chain,business-long,read,1000,legacy,3,4,59.69999998807907,1000,3,fnv1a32:cc91ed5d,,,,,,,,1,true
chain,business-long,edit-cell,1000,legacy,3,0,60.20000001788139,1000,3,fnv1a32:21851cc9,,,,,,,,4,true
chain,business-long,edit-cell,1000,legacy,3,1,59.80000001192093,1000,3,fnv1a32:0e8bbf37,,,,,,,,5,true
chain,business-long,edit-cell,1000,legacy,3,2,61.39999997615814,1000,3,fnv1a32:b7bf4753,,,,,,,,6,true
chain,business-long,edit-cell,1000,legacy,3,3,59.5,1000,3,fnv1a32:d82268bb,,,,,,,,7,true
chain,business-long,edit-cell,1000,legacy,3,4,59.29999998211861,1000,3,fnv1a32:085f517d,,,,,,,,8,true
chain,business-long,edit-all,1000,legacy,3,0,82.89999997615814,1000,3,fnv1a32:147d5319,,,,,,,,11,true
chain,business-long,edit-all,1000,legacy,3,1,63.60000002384186,1000,3,fnv1a32:449591ab,,,,,,,,12,true
chain,business-long,edit-all,1000,legacy,3,2,63.79999998211861,1000,3,fnv1a32:d863e735,,,,,,,,13,true
chain,business-long,edit-all,1000,legacy,3,3,64.90000000596046,1000,3,fnv1a32:aef14581,,,,,,,,14,true
chain,business-long,edit-all,1000,legacy,3,4,63.599999994039536,1000,3,fnv1a32:4fc7b75b,,,,,,,,15,true
chain,business-long,edit-formula,1000,legacy,3,0,59.099999994039536,1000,3,fnv1a32:3c78606b,,,,,,,,18,true
chain,business-long,edit-formula,1000,legacy,3,1,58.79999998211861,1000,3,fnv1a32:de6bf6bf,,,,,,,,19,true
chain,business-long,edit-formula,1000,legacy,3,2,58.5,1000,3,fnv1a32:86e910db,,,,,,,,20,true
chain,business-long,edit-formula,1000,legacy,3,3,58.69999998807907,1000,3,fnv1a32:9ab9d0e1,,,,,,,,21,true
chain,business-long,edit-formula,1000,legacy,3,4,57.400000005960464,1000,3,fnv1a32:3030f17b,,,,,,,,22,true
chain,business-long,initial,1000,legacy,4,0,82,1000,3,fnv1a32:cc91ed5d,,,,,,,,1,true
chain,business-long,read,1000,legacy,4,0,61.400000005960464,1000,3,fnv1a32:cc91ed5d,,,,,,,,1,true
chain,business-long,read,1000,legacy,4,1,68.80000001192093,1000,3,fnv1a32:cc91ed5d,,,,,,,,1,true
chain,business-long,read,1000,legacy,4,2,63.5,1000,3,fnv1a32:cc91ed5d,,,,,,,,1,true
chain,business-long,read,1000,legacy,4,3,63.099999994039536,1000,3,fnv1a32:cc91ed5d,,,,,,,,1,true
chain,business-long,read,1000,legacy,4,4,62.10000002384186,1000,3,fnv1a32:cc91ed5d,,,,,,,,1,true
chain,business-long,edit-cell,1000,legacy,4,0,63.69999998807907,1000,3,fnv1a32:21851cc9,,,,,,,,4,true
chain,business-long,edit-cell,1000,legacy,4,1,63.69999998807907,1000,3,fnv1a32:0e8bbf37,,,,,,,,5,true
chain,business-long,edit-cell,1000,legacy,4,2,60.80000001192093,1000,3,fnv1a32:b7bf4753,,,,,,,,6,true
chain,business-long,edit-cell,1000,legacy,4,3,60.80000001192093,1000,3,fnv1a32:d82268bb,,,,,,,,7,true
chain,business-long,edit-cell,1000,legacy,4,4,61,1000,3,fnv1a32:085f517d,,,,,,,,8,true
chain,business-long,edit-all,1000,legacy,4,0,82.5,1000,3,fnv1a32:147d5319,,,,,,,,11,true
chain,business-long,edit-all,1000,legacy,4,1,65.19999998807907,1000,3,fnv1a32:449591ab,,,,,,,,12,true
chain,business-long,edit-all,1000,legacy,4,2,64.59999999403954,1000,3,fnv1a32:d863e735,,,,,,,,13,true
chain,business-long,edit-all,1000,legacy,4,3,65.40000000596046,1000,3,fnv1a32:aef14581,,,,,,,,14,true
chain,business-long,edit-all,1000,legacy,4,4,66,1000,3,fnv1a32:4fc7b75b,,,,,,,,15,true
chain,business-long,edit-formula,1000,legacy,4,0,62.20000001788139,1000,3,fnv1a32:3c78606b,,,,,,,,18,true
chain,business-long,edit-formula,1000,legacy,4,1,61.900000005960464,1000,3,fnv1a32:de6bf6bf,,,,,,,,19,true
chain,business-long,edit-formula,1000,legacy,4,2,60.89999997615814,1000,3,fnv1a32:86e910db,,,,,,,,20,true
chain,business-long,edit-formula,1000,legacy,4,3,59.5,1000,3,fnv1a32:9ab9d0e1,,,,,,,,21,true
chain,business-long,edit-formula,1000,legacy,4,4,61.30000001192093,1000,3,fnv1a32:3030f17b,,,,,,,,22,true
chain,business-long,initial,1000,native,4,0,59.099999994039536,1000,3,fnv1a32:cc91ed5d,,,,,,,,2,true
chain,business-long,read,1000,native,4,0,0.9000000059604645,1000,3,fnv1a32:cc91ed5d,,,,,,,,2,true
chain,business-long,read,1000,native,4,1,0.800000011920929,1000,3,fnv1a32:cc91ed5d,,,,,,,,2,true
chain,business-long,read,1000,native,4,2,1,1000,3,fnv1a32:cc91ed5d,,,,,,,,2,true
chain,business-long,read,1000,native,4,3,0.5999999940395355,1000,3,fnv1a32:cc91ed5d,,,,,,,,2,true
chain,business-long,read,1000,native,4,4,0.7000000178813934,1000,3,fnv1a32:cc91ed5d,,,,,,,,2,true
chain,business-long,edit-cell,1000,native,4,0,14.599999994039536,1000,3,fnv1a32:21851cc9,,,,,,,,5,true
chain,business-long,edit-cell,1000,native,4,1,11.300000011920929,1000,3,fnv1a32:0e8bbf37,,,,,,,,6,true
chain,business-long,edit-cell,1000,native,4,2,10.599999994039536,1000,3,fnv1a32:b7bf4753,,,,,,,,7,true
chain,business-long,edit-cell,1000,native,4,3,10.200000017881393,1000,3,fnv1a32:d82268bb,,,,,,,,8,true
chain,business-long,edit-cell,1000,native,4,4,10.199999988079071,1000,3,fnv1a32:085f517d,,,,,,,,9,true
chain,business-long,edit-all,1000,native,4,0,17.899999976158142,1000,3,fnv1a32:147d5319,,,,,,,,3009,true
chain,business-long,edit-all,1000,native,4,1,23.799999982118607,1000,3,fnv1a32:449591ab,,,,,,,,4009,true
chain,business-long,edit-all,1000,native,4,2,19.5,1000,3,fnv1a32:d863e735,,,,,,,,5009,true
chain,business-long,edit-all,1000,native,4,3,16.400000005960464,1000,3,fnv1a32:aef14581,,,,,,,,6009,true
chain,business-long,edit-all,1000,native,4,4,15.900000005960464,1000,3,fnv1a32:4fc7b75b,,,,,,,,7009,true
chain,business-long,edit-formula,1000,native,4,0,12.099999994039536,1000,3,fnv1a32:3c78606b,,,,,,,,7012,true
chain,business-long,edit-formula,1000,native,4,1,16.19999998807907,1000,3,fnv1a32:de6bf6bf,,,,,,,,7013,true
chain,business-long,edit-formula,1000,native,4,2,15.400000005960464,1000,3,fnv1a32:86e910db,,,,,,,,7014,true
chain,business-long,edit-formula,1000,native,4,3,11.299999982118607,1000,3,fnv1a32:9ab9d0e1,,,,,,,,7015,true
chain,business-long,edit-formula,1000,native,4,4,12.900000005960464,1000,3,fnv1a32:3030f17b,,,,,,,,7016,true
chain,business-long,initial,10000,native,0,0,205.7000000178814,10000,3,fnv1a32:85da07f3,,,,,,,,2,true
chain,business-long,read,10000,native,0,0,6.299999982118607,10000,3,fnv1a32:85da07f3,,,,,,,,2,true
chain,business-long,read,10000,native,0,1,6.199999988079071,10000,3,fnv1a32:85da07f3,,,,,,,,2,true
chain,business-long,read,10000,native,0,2,7.300000011920929,10000,3,fnv1a32:85da07f3,,,,,,,,2,true
chain,business-long,read,10000,native,0,3,6,10000,3,fnv1a32:85da07f3,,,,,,,,2,true
chain,business-long,read,10000,native,0,4,6,10000,3,fnv1a32:85da07f3,,,,,,,,2,true
chain,business-long,edit-cell,10000,native,0,0,97,10000,3,fnv1a32:31d7cdff,,,,,,,,5,true
chain,business-long,edit-cell,10000,native,0,1,100.09999999403954,10000,3,fnv1a32:39428c65,,,,,,,,6,true
chain,business-long,edit-cell,10000,native,0,2,99.7999999821186,10000,3,fnv1a32:6b57bdd1,,,,,,,,7,true
chain,business-long,edit-cell,10000,native,0,3,99.10000002384186,10000,3,fnv1a32:4392f299,,,,,,,,8,true
chain,business-long,edit-cell,10000,native,0,4,95.19999998807907,10000,3,fnv1a32:9b8d3193,,,,,,,,9,true
chain,business-long,edit-all,10000,native,0,0,164.69999998807907,10000,3,fnv1a32:a318ec97,,,,,,,,30009,true
chain,business-long,edit-all,10000,native,0,1,165.90000000596046,10000,3,fnv1a32:30602679,,,,,,,,40009,true
chain,business-long,edit-all,10000,native,0,2,167.40000000596046,10000,3,fnv1a32:18529a55,,,,,,,,50009,true
chain,business-long,edit-all,10000,native,0,3,173.7999999821186,10000,3,fnv1a32:91c7ec6f,,,,,,,,60009,true
chain,business-long,edit-all,10000,native,0,4,172,10000,3,fnv1a32:249c80eb,,,,,,,,70009,true
chain,business-long,edit-formula,10000,native,0,0,101.09999999403954,10000,3,fnv1a32:0320a21b,,,,,,,,70012,true
chain,business-long,edit-formula,10000,native,0,1,99.60000002384186,10000,3,fnv1a32:40f7396f,,,,,,,,70013,true
chain,business-long,edit-formula,10000,native,0,2,96.09999999403954,10000,3,fnv1a32:0c8284b9,,,,,,,,70014,true
chain,business-long,edit-formula,10000,native,0,3,95.30000001192093,10000,3,fnv1a32:5d5a7d0d,,,,,,,,70015,true
chain,business-long,edit-formula,10000,native,0,4,95.59999999403954,10000,3,fnv1a32:eb50add5,,,,,,,,70016,true
chain,business-long,initial,10000,legacy,0,0,620.3000000119209,10000,3,fnv1a32:85da07f3,,,,,,,,1,true
chain,business-long,read,10000,legacy,0,0,597.6999999880791,10000,3,fnv1a32:85da07f3,,,,,,,,1,true
chain,business-long,read,10000,legacy,0,1,603.3000000119209,10000,3,fnv1a32:85da07f3,,,,,,,,1,true
chain,business-long,read,10000,legacy,0,2,598.7000000178814,10000,3,fnv1a32:85da07f3,,,,,,,,1,true
chain,business-long,read,10000,legacy,0,3,596.7999999821186,10000,3,fnv1a32:85da07f3,,,,,,,,1,true
chain,business-long,read,10000,legacy,0,4,607.5999999940395,10000,3,fnv1a32:85da07f3,,,,,,,,1,true
chain,business-long,edit-cell,10000,legacy,0,0,627,10000,3,fnv1a32:31d7cdff,,,,,,,,4,true
chain,business-long,edit-cell,10000,legacy,0,1,600.8999999761581,10000,3,fnv1a32:39428c65,,,,,,,,5,true
chain,business-long,edit-cell,10000,legacy,0,2,590.6999999880791,10000,3,fnv1a32:6b57bdd1,,,,,,,,6,true
chain,business-long,edit-cell,10000,legacy,0,3,595.3000000119209,10000,3,fnv1a32:4392f299,,,,,,,,7,true
chain,business-long,edit-cell,10000,legacy,0,4,602.4000000059605,10000,3,fnv1a32:9b8d3193,,,,,,,,8,true
chain,business-long,edit-all,10000,legacy,0,0,657.9000000059605,10000,3,fnv1a32:a318ec97,,,,,,,,11,true
chain,business-long,edit-all,10000,legacy,0,1,644,10000,3,fnv1a32:30602679,,,,,,,,12,true
chain,business-long,edit-all,10000,legacy,0,2,681.3999999761581,10000,3,fnv1a32:18529a55,,,,,,,,13,true
chain,business-long,edit-all,10000,legacy,0,3,665.8000000119209,10000,3,fnv1a32:91c7ec6f,,,,,,,,14,true
chain,business-long,edit-all,10000,legacy,0,4,644.8999999761581,10000,3,fnv1a32:249c80eb,,,,,,,,15,true
chain,business-long,edit-formula,10000,legacy,0,0,590.0999999940395,10000,3,fnv1a32:0320a21b,,,,,,,,18,true
chain,business-long,edit-formula,10000,legacy,0,1,589.5999999940395,10000,3,fnv1a32:40f7396f,,,,,,,,19,true
chain,business-long,edit-formula,10000,legacy,0,2,606.5999999940395,10000,3,fnv1a32:0c8284b9,,,,,,,,20,true
chain,business-long,edit-formula,10000,legacy,0,3,589,10000,3,fnv1a32:5d5a7d0d,,,,,,,,21,true
chain,business-long,edit-formula,10000,legacy,0,4,601.8999999761581,10000,3,fnv1a32:eb50add5,,,,,,,,22,true
chain,business-long,initial,10000,legacy,1,0,638.8000000119209,10000,3,fnv1a32:85da07f3,,,,,,,,1,true
chain,business-long,read,10000,legacy,1,0,610.6000000238419,10000,3,fnv1a32:85da07f3,,,,,,,,1,true
chain,business-long,read,10000,legacy,1,1,608.9000000059605,10000,3,fnv1a32:85da07f3,,,,,,,,1,true
chain,business-long,read,10000,legacy,1,2,617.1000000238419,10000,3,fnv1a32:85da07f3,,,,,,,,1,true
chain,business-long,read,10000,legacy,1,3,616.7999999821186,10000,3,fnv1a32:85da07f3,,,,,,,,1,true
chain,business-long,read,10000,legacy,1,4,632.1999999880791,10000,3,fnv1a32:85da07f3,,,,,,,,1,true
chain,business-long,edit-cell,10000,legacy,1,0,615.9000000059605,10000,3,fnv1a32:31d7cdff,,,,,,,,4,true
chain,business-long,edit-cell,10000,legacy,1,1,628.1999999880791,10000,3,fnv1a32:39428c65,,,,,,,,5,true
chain,business-long,edit-cell,10000,legacy,1,2,608.6999999880791,10000,3,fnv1a32:6b57bdd1,,,,,,,,6,true
chain,business-long,edit-cell,10000,legacy,1,3,603.4000000059605,10000,3,fnv1a32:4392f299,,,,,,,,7,true
chain,business-long,edit-cell,10000,legacy,1,4,613.6999999880791,10000,3,fnv1a32:9b8d3193,,,,,,,,8,true
chain,business-long,edit-all,10000,legacy,1,0,655.3000000119209,10000,3,fnv1a32:a318ec97,,,,,,,,11,true
chain,business-long,edit-all,10000,legacy,1,1,657.6999999880791,10000,3,fnv1a32:30602679,,,,,,,,12,true
chain,business-long,edit-all,10000,legacy,1,2,649.7999999821186,10000,3,fnv1a32:18529a55,,,,,,,,13,true
chain,business-long,edit-all,10000,legacy,1,3,666.0999999940395,10000,3,fnv1a32:91c7ec6f,,,,,,,,14,true
chain,business-long,edit-all,10000,legacy,1,4,659.4000000059605,10000,3,fnv1a32:249c80eb,,,,,,,,15,true
chain,business-long,edit-formula,10000,legacy,1,0,600,10000,3,fnv1a32:0320a21b,,,,,,,,18,true
chain,business-long,edit-formula,10000,legacy,1,1,596,10000,3,fnv1a32:40f7396f,,,,,,,,19,true
chain,business-long,edit-formula,10000,legacy,1,2,587.5,10000,3,fnv1a32:0c8284b9,,,,,,,,20,true
chain,business-long,edit-formula,10000,legacy,1,3,586.1999999880791,10000,3,fnv1a32:5d5a7d0d,,,,,,,,21,true
chain,business-long,edit-formula,10000,legacy,1,4,599.2999999821186,10000,3,fnv1a32:eb50add5,,,,,,,,22,true
chain,business-long,initial,10000,native,1,0,198.90000000596046,10000,3,fnv1a32:85da07f3,,,,,,,,2,true
chain,business-long,read,10000,native,1,0,6.5999999940395355,10000,3,fnv1a32:85da07f3,,,,,,,,2,true
chain,business-long,read,10000,native,1,1,6.699999988079071,10000,3,fnv1a32:85da07f3,,,,,,,,2,true
chain,business-long,read,10000,native,1,2,7.699999988079071,10000,3,fnv1a32:85da07f3,,,,,,,,2,true
chain,business-long,read,10000,native,1,3,6.5,10000,3,fnv1a32:85da07f3,,,,,,,,2,true
chain,business-long,read,10000,native,1,4,6.4000000059604645,10000,3,fnv1a32:85da07f3,,,,,,,,2,true
chain,business-long,edit-cell,10000,native,1,0,97.7999999821186,10000,3,fnv1a32:31d7cdff,,,,,,,,5,true
chain,business-long,edit-cell,10000,native,1,1,101.19999998807907,10000,3,fnv1a32:39428c65,,,,,,,,6,true
chain,business-long,edit-cell,10000,native,1,2,98.30000001192093,10000,3,fnv1a32:6b57bdd1,,,,,,,,7,true
chain,business-long,edit-cell,10000,native,1,3,95.5,10000,3,fnv1a32:4392f299,,,,,,,,8,true
chain,business-long,edit-cell,10000,native,1,4,93.09999999403954,10000,3,fnv1a32:9b8d3193,,,,,,,,9,true
chain,business-long,edit-all,10000,native,1,0,172.59999999403954,10000,3,fnv1a32:a318ec97,,,,,,,,30009,true
chain,business-long,edit-all,10000,native,1,1,171.30000001192093,10000,3,fnv1a32:30602679,,,,,,,,40009,true
chain,business-long,edit-all,10000,native,1,2,186.7000000178814,10000,3,fnv1a32:18529a55,,,,,,,,50009,true
chain,business-long,edit-all,10000,native,1,3,175,10000,3,fnv1a32:91c7ec6f,,,,,,,,60009,true
chain,business-long,edit-all,10000,native,1,4,175.5,10000,3,fnv1a32:249c80eb,,,,,,,,70009,true
chain,business-long,edit-formula,10000,native,1,0,104.09999999403954,10000,3,fnv1a32:0320a21b,,,,,,,,70012,true
chain,business-long,edit-formula,10000,native,1,1,105.40000000596046,10000,3,fnv1a32:40f7396f,,,,,,,,70013,true
chain,business-long,edit-formula,10000,native,1,2,100.90000000596046,10000,3,fnv1a32:0c8284b9,,,,,,,,70014,true
chain,business-long,edit-formula,10000,native,1,3,101.7000000178814,10000,3,fnv1a32:5d5a7d0d,,,,,,,,70015,true
chain,business-long,edit-formula,10000,native,1,4,100.30000001192093,10000,3,fnv1a32:eb50add5,,,,,,,,70016,true
chain,business-long,initial,10000,native,2,0,204.7000000178814,10000,3,fnv1a32:85da07f3,,,,,,,,2,true
chain,business-long,read,10000,native,2,0,6.799999982118607,10000,3,fnv1a32:85da07f3,,,,,,,,2,true
chain,business-long,read,10000,native,2,1,6.699999988079071,10000,3,fnv1a32:85da07f3,,,,,,,,2,true
chain,business-long,read,10000,native,2,2,7.5999999940395355,10000,3,fnv1a32:85da07f3,,,,,,,,2,true
chain,business-long,read,10000,native,2,3,6.299999982118607,10000,3,fnv1a32:85da07f3,,,,,,,,2,true
chain,business-long,read,10000,native,2,4,6.200000017881393,10000,3,fnv1a32:85da07f3,,,,,,,,2,true
chain,business-long,edit-cell,10000,native,2,0,105.5,10000,3,fnv1a32:31d7cdff,,,,,,,,5,true
chain,business-long,edit-cell,10000,native,2,1,105.90000000596046,10000,3,fnv1a32:39428c65,,,,,,,,6,true
chain,business-long,edit-cell,10000,native,2,2,100.7999999821186,10000,3,fnv1a32:6b57bdd1,,,,,,,,7,true
chain,business-long,edit-cell,10000,native,2,3,97.7000000178814,10000,3,fnv1a32:4392f299,,,,,,,,8,true
chain,business-long,edit-cell,10000,native,2,4,95.80000001192093,10000,3,fnv1a32:9b8d3193,,,,,,,,9,true
chain,business-long,edit-all,10000,native,2,0,169.7000000178814,10000,3,fnv1a32:a318ec97,,,,,,,,30009,true
chain,business-long,edit-all,10000,native,2,1,172.39999997615814,10000,3,fnv1a32:30602679,,,,,,,,40009,true
chain,business-long,edit-all,10000,native,2,2,170.40000000596046,10000,3,fnv1a32:18529a55,,,,,,,,50009,true
chain,business-long,edit-all,10000,native,2,3,178.19999998807907,10000,3,fnv1a32:91c7ec6f,,,,,,,,60009,true
chain,business-long,edit-all,10000,native,2,4,178.19999998807907,10000,3,fnv1a32:249c80eb,,,,,,,,70009,true
chain,business-long,edit-formula,10000,native,2,0,104.30000001192093,10000,3,fnv1a32:0320a21b,,,,,,,,70012,true
chain,business-long,edit-formula,10000,native,2,1,101.5,10000,3,fnv1a32:40f7396f,,,,,,,,70013,true
chain,business-long,edit-formula,10000,native,2,2,99.2999999821186,10000,3,fnv1a32:0c8284b9,,,,,,,,70014,true
chain,business-long,edit-formula,10000,native,2,3,102.30000001192093,10000,3,fnv1a32:5d5a7d0d,,,,,,,,70015,true
chain,business-long,edit-formula,10000,native,2,4,103.2000000178814,10000,3,fnv1a32:eb50add5,,,,,,,,70016,true
chain,business-long,initial,10000,legacy,2,0,668.2000000178814,10000,3,fnv1a32:85da07f3,,,,,,,,1,true
chain,business-long,read,10000,legacy,2,0,615.8000000119209,10000,3,fnv1a32:85da07f3,,,,,,,,1,true
chain,business-long,read,10000,legacy,2,1,616.2000000178814,10000,3,fnv1a32:85da07f3,,,,,,,,1,true
chain,business-long,read,10000,legacy,2,2,627.8999999761581,10000,3,fnv1a32:85da07f3,,,,,,,,1,true
chain,business-long,read,10000,legacy,2,3,625.4000000059605,10000,3,fnv1a32:85da07f3,,,,,,,,1,true
chain,business-long,read,10000,legacy,2,4,635.5,10000,3,fnv1a32:85da07f3,,,,,,,,1,true
chain,business-long,edit-cell,10000,legacy,2,0,636.8000000119209,10000,3,fnv1a32:31d7cdff,,,,,,,,4,true
chain,business-long,edit-cell,10000,legacy,2,1,621.5999999940395,10000,3,fnv1a32:39428c65,,,,,,,,5,true
chain,business-long,edit-cell,10000,legacy,2,2,623,10000,3,fnv1a32:6b57bdd1,,,,,,,,6,true
chain,business-long,edit-cell,10000,legacy,2,3,609.7999999821186,10000,3,fnv1a32:4392f299,,,,,,,,7,true
chain,business-long,edit-cell,10000,legacy,2,4,612.5,10000,3,fnv1a32:9b8d3193,,,,,,,,8,true
chain,business-long,edit-all,10000,legacy,2,0,668.6999999880791,10000,3,fnv1a32:a318ec97,,,,,,,,11,true
chain,business-long,edit-all,10000,legacy,2,1,661,10000,3,fnv1a32:30602679,,,,,,,,12,true
chain,business-long,edit-all,10000,legacy,2,2,692.3000000119209,10000,3,fnv1a32:18529a55,,,,,,,,13,true
chain,business-long,edit-all,10000,legacy,2,3,665.0999999940395,10000,3,fnv1a32:91c7ec6f,,,,,,,,14,true
chain,business-long,edit-all,10000,legacy,2,4,671.1999999880791,10000,3,fnv1a32:249c80eb,,,,,,,,15,true
chain,business-long,edit-formula,10000,legacy,2,0,606.4000000059605,10000,3,fnv1a32:0320a21b,,,,,,,,18,true
chain,business-long,edit-formula,10000,legacy,2,1,607.5999999940395,10000,3,fnv1a32:40f7396f,,,,,,,,19,true
chain,business-long,edit-formula,10000,legacy,2,2,621,10000,3,fnv1a32:0c8284b9,,,,,,,,20,true
chain,business-long,edit-formula,10000,legacy,2,3,618.5,10000,3,fnv1a32:5d5a7d0d,,,,,,,,21,true
chain,business-long,edit-formula,10000,legacy,2,4,616,10000,3,fnv1a32:eb50add5,,,,,,,,22,true
chain,business-long,initial,10000,legacy,3,0,622.7999999821186,10000,3,fnv1a32:85da07f3,,,,,,,,1,true
chain,business-long,read,10000,legacy,3,0,600.2999999821186,10000,3,fnv1a32:85da07f3,,,,,,,,1,true
chain,business-long,read,10000,legacy,3,1,605.6999999880791,10000,3,fnv1a32:85da07f3,,,,,,,,1,true
chain,business-long,read,10000,legacy,3,2,609.5999999940395,10000,3,fnv1a32:85da07f3,,,,,,,,1,true
chain,business-long,read,10000,legacy,3,3,609.5,10000,3,fnv1a32:85da07f3,,,,,,,,1,true
chain,business-long,read,10000,legacy,3,4,625.9000000059605,10000,3,fnv1a32:85da07f3,,,,,,,,1,true
chain,business-long,edit-cell,10000,legacy,3,0,601.4000000059605,10000,3,fnv1a32:31d7cdff,,,,,,,,4,true
chain,business-long,edit-cell,10000,legacy,3,1,617.0999999940395,10000,3,fnv1a32:39428c65,,,,,,,,5,true
chain,business-long,edit-cell,10000,legacy,3,2,603.5,10000,3,fnv1a32:6b57bdd1,,,,,,,,6,true
chain,business-long,edit-cell,10000,legacy,3,3,604.8999999761581,10000,3,fnv1a32:4392f299,,,,,,,,7,true
chain,business-long,edit-cell,10000,legacy,3,4,618,10000,3,fnv1a32:9b8d3193,,,,,,,,8,true
chain,business-long,edit-all,10000,legacy,3,0,670.9000000059605,10000,3,fnv1a32:a318ec97,,,,,,,,11,true
chain,business-long,edit-all,10000,legacy,3,1,654.5,10000,3,fnv1a32:30602679,,,,,,,,12,true
chain,business-long,edit-all,10000,legacy,3,2,657.6000000238419,10000,3,fnv1a32:18529a55,,,,,,,,13,true
chain,business-long,edit-all,10000,legacy,3,3,664.4000000059605,10000,3,fnv1a32:91c7ec6f,,,,,,,,14,true
chain,business-long,edit-all,10000,legacy,3,4,645.3000000119209,10000,3,fnv1a32:249c80eb,,,,,,,,15,true
chain,business-long,edit-formula,10000,legacy,3,0,594.3000000119209,10000,3,fnv1a32:0320a21b,,,,,,,,18,true
chain,business-long,edit-formula,10000,legacy,3,1,599.5999999940395,10000,3,fnv1a32:40f7396f,,,,,,,,19,true
chain,business-long,edit-formula,10000,legacy,3,2,618.5999999940395,10000,3,fnv1a32:0c8284b9,,,,,,,,20,true
chain,business-long,edit-formula,10000,legacy,3,3,598.4000000059605,10000,3,fnv1a32:5d5a7d0d,,,,,,,,21,true
chain,business-long,edit-formula,10000,legacy,3,4,594.9000000059605,10000,3,fnv1a32:eb50add5,,,,,,,,22,true
chain,business-long,initial,10000,native,3,0,214.7000000178814,10000,3,fnv1a32:85da07f3,,,,,,,,2,true
chain,business-long,read,10000,native,3,0,6.5999999940395355,10000,3,fnv1a32:85da07f3,,,,,,,,2,true
chain,business-long,read,10000,native,3,1,6.5999999940395355,10000,3,fnv1a32:85da07f3,,,,,,,,2,true
chain,business-long,read,10000,native,3,2,6.399999976158142,10000,3,fnv1a32:85da07f3,,,,,,,,2,true
chain,business-long,read,10000,native,3,3,6.199999988079071,10000,3,fnv1a32:85da07f3,,,,,,,,2,true
chain,business-long,read,10000,native,3,4,6.0999999940395355,10000,3,fnv1a32:85da07f3,,,,,,,,2,true
chain,business-long,edit-cell,10000,native,3,0,96.80000001192093,10000,3,fnv1a32:31d7cdff,,,,,,,,5,true
chain,business-long,edit-cell,10000,native,3,1,99,10000,3,fnv1a32:39428c65,,,,,,,,6,true
chain,business-long,edit-cell,10000,native,3,2,98.90000000596046,10000,3,fnv1a32:6b57bdd1,,,,,,,,7,true
chain,business-long,edit-cell,10000,native,3,3,94.69999998807907,10000,3,fnv1a32:4392f299,,,,,,,,8,true
chain,business-long,edit-cell,10000,native,3,4,92.80000001192093,10000,3,fnv1a32:9b8d3193,,,,,,,,9,true
chain,business-long,edit-all,10000,native,3,0,164.89999997615814,10000,3,fnv1a32:a318ec97,,,,,,,,30009,true
chain,business-long,edit-all,10000,native,3,1,165.80000001192093,10000,3,fnv1a32:30602679,,,,,,,,40009,true
chain,business-long,edit-all,10000,native,3,2,162.39999997615814,10000,3,fnv1a32:18529a55,,,,,,,,50009,true
chain,business-long,edit-all,10000,native,3,3,168.5,10000,3,fnv1a32:91c7ec6f,,,,,,,,60009,true
chain,business-long,edit-all,10000,native,3,4,168.7999999821186,10000,3,fnv1a32:249c80eb,,,,,,,,70009,true
chain,business-long,edit-formula,10000,native,3,0,102.5,10000,3,fnv1a32:0320a21b,,,,,,,,70012,true
chain,business-long,edit-formula,10000,native,3,1,100.59999999403954,10000,3,fnv1a32:40f7396f,,,,,,,,70013,true
chain,business-long,edit-formula,10000,native,3,2,99,10000,3,fnv1a32:0c8284b9,,,,,,,,70014,true
chain,business-long,edit-formula,10000,native,3,3,97.09999999403954,10000,3,fnv1a32:5d5a7d0d,,,,,,,,70015,true
chain,business-long,edit-formula,10000,native,3,4,98.30000001192093,10000,3,fnv1a32:eb50add5,,,,,,,,70016,true
chain,business-long,initial,10000,native,4,0,195.2999999821186,10000,3,fnv1a32:85da07f3,,,,,,,,2,true
chain,business-long,read,10000,native,4,0,6.5999999940395355,10000,3,fnv1a32:85da07f3,,,,,,,,2,true
chain,business-long,read,10000,native,4,1,6.5999999940395355,10000,3,fnv1a32:85da07f3,,,,,,,,2,true
chain,business-long,read,10000,native,4,2,6.5,10000,3,fnv1a32:85da07f3,,,,,,,,2,true
chain,business-long,read,10000,native,4,3,6.4000000059604645,10000,3,fnv1a32:85da07f3,,,,,,,,2,true
chain,business-long,read,10000,native,4,4,6.200000017881393,10000,3,fnv1a32:85da07f3,,,,,,,,2,true
chain,business-long,edit-cell,10000,native,4,0,96.89999997615814,10000,3,fnv1a32:31d7cdff,,,,,,,,5,true
chain,business-long,edit-cell,10000,native,4,1,99.19999998807907,10000,3,fnv1a32:39428c65,,,,,,,,6,true
chain,business-long,edit-cell,10000,native,4,2,97.30000001192093,10000,3,fnv1a32:6b57bdd1,,,,,,,,7,true
chain,business-long,edit-cell,10000,native,4,3,94.40000000596046,10000,3,fnv1a32:4392f299,,,,,,,,8,true
chain,business-long,edit-cell,10000,native,4,4,93.90000000596046,10000,3,fnv1a32:9b8d3193,,,,,,,,9,true
chain,business-long,edit-all,10000,native,4,0,166.2000000178814,10000,3,fnv1a32:a318ec97,,,,,,,,30009,true
chain,business-long,edit-all,10000,native,4,1,165.19999998807907,10000,3,fnv1a32:30602679,,,,,,,,40009,true
chain,business-long,edit-all,10000,native,4,2,165.80000001192093,10000,3,fnv1a32:18529a55,,,,,,,,50009,true
chain,business-long,edit-all,10000,native,4,3,166.90000000596046,10000,3,fnv1a32:91c7ec6f,,,,,,,,60009,true
chain,business-long,edit-all,10000,native,4,4,167.69999998807907,10000,3,fnv1a32:249c80eb,,,,,,,,70009,true
chain,business-long,edit-formula,10000,native,4,0,98.5,10000,3,fnv1a32:0320a21b,,,,,,,,70012,true
chain,business-long,edit-formula,10000,native,4,1,98.59999999403954,10000,3,fnv1a32:40f7396f,,,,,,,,70013,true
chain,business-long,edit-formula,10000,native,4,2,95.90000000596046,10000,3,fnv1a32:0c8284b9,,,,,,,,70014,true
chain,business-long,edit-formula,10000,native,4,3,95.90000000596046,10000,3,fnv1a32:5d5a7d0d,,,,,,,,70015,true
chain,business-long,edit-formula,10000,native,4,4,96.5,10000,3,fnv1a32:eb50add5,,,,,,,,70016,true
chain,business-long,initial,10000,legacy,4,0,618.8999999761581,10000,3,fnv1a32:85da07f3,,,,,,,,1,true
chain,business-long,read,10000,legacy,4,0,593.2000000178814,10000,3,fnv1a32:85da07f3,,,,,,,,1,true
chain,business-long,read,10000,legacy,4,1,609,10000,3,fnv1a32:85da07f3,,,,,,,,1,true
chain,business-long,read,10000,legacy,4,2,596,10000,3,fnv1a32:85da07f3,,,,,,,,1,true
chain,business-long,read,10000,legacy,4,3,596.2000000178814,10000,3,fnv1a32:85da07f3,,,,,,,,1,true
chain,business-long,read,10000,legacy,4,4,612.8000000119209,10000,3,fnv1a32:85da07f3,,,,,,,,1,true
chain,business-long,edit-cell,10000,legacy,4,0,605.2999999821186,10000,3,fnv1a32:31d7cdff,,,,,,,,4,true
chain,business-long,edit-cell,10000,legacy,4,1,591.3000000119209,10000,3,fnv1a32:39428c65,,,,,,,,5,true
chain,business-long,edit-cell,10000,legacy,4,2,592.2000000178814,10000,3,fnv1a32:6b57bdd1,,,,,,,,6,true
chain,business-long,edit-cell,10000,legacy,4,3,595,10000,3,fnv1a32:4392f299,,,,,,,,7,true
chain,business-long,edit-cell,10000,legacy,4,4,609.4000000059605,10000,3,fnv1a32:9b8d3193,,,,,,,,8,true
chain,business-long,edit-all,10000,legacy,4,0,655,10000,3,fnv1a32:a318ec97,,,,,,,,11,true
chain,business-long,edit-all,10000,legacy,4,1,648.2000000178814,10000,3,fnv1a32:30602679,,,,,,,,12,true
chain,business-long,edit-all,10000,legacy,4,2,669.1999999880791,10000,3,fnv1a32:18529a55,,,,,,,,13,true
chain,business-long,edit-all,10000,legacy,4,3,642.7999999821186,10000,3,fnv1a32:91c7ec6f,,,,,,,,14,true
chain,business-long,edit-all,10000,legacy,4,4,644.3000000119209,10000,3,fnv1a32:249c80eb,,,,,,,,15,true
chain,business-long,edit-formula,10000,legacy,4,0,586,10000,3,fnv1a32:0320a21b,,,,,,,,18,true
chain,business-long,edit-formula,10000,legacy,4,1,584.9000000059605,10000,3,fnv1a32:40f7396f,,,,,,,,19,true
chain,business-long,edit-formula,10000,legacy,4,2,604.0999999940395,10000,3,fnv1a32:0c8284b9,,,,,,,,20,true
chain,business-long,edit-formula,10000,legacy,4,3,591.9000000059605,10000,3,fnv1a32:5d5a7d0d,,,,,,,,21,true
chain,business-long,edit-formula,10000,legacy,4,4,585.6000000238419,10000,3,fnv1a32:eb50add5,,,,,,,,22,true
